date,total_sources,gsci
2015-03-01,201718,1.7327486887410646
2015-03-02,315855,1.6875427015476487
2015-03-03,350703,1.628361890260421
2015-03-04,349363,1.5918030816085267
2015-03-05,332564,1.6212843242202988
2015-03-06,300288,1.677916533461211
2015-03-07,217590,1.7739183786019586
2015-03-08,208764,1.776672702190034
2015-03-09,323671,1.7006556039929428
2015-03-10,330095,1.6613880852481877
2015-03-11,339530,1.6618036697788128
2015-03-12,353772,1.6662652782017793
2015-03-13,324201,1.6425745139589316
2015-03-14,208974,1.662595825317982
2015-03-15,203601,1.7325911955245814
2015-03-16,314456,1.6020670618464894
2015-03-17,336727,1.5787777635889018
2015-03-18,353382,1.715271009842041
2015-03-19,346529,1.7203763609972045
2015-03-20,320879,1.648151483892681
2015-03-21,206498,1.7173890304022328
2015-03-22,196398,1.696130815996089
2015-03-23,310087,1.550936672611234
2015-03-24,337111,1.5448950049093633
2015-03-25,343037,1.608318927695846
2015-03-26,354077,1.6220048181610212
2015-03-27,320092,1.6197415118153524
2015-03-28,218364,1.6922638346980272
2015-03-29,197604,1.7220349790490068
2015-03-30,306695,1.6619247134775592
2015-03-31,332267,1.6383342312056266
2015-04-01,329294,1.633708175672803
2015-04-02,323300,1.746627899783484
2015-04-03,262561,1.7197397938002985
2015-04-04,186656,1.850593605348878
2015-04-05,180188,1.8177076164894452
2015-04-06,267669,1.7245288023641134
2015-04-07,314883,1.6702899172073442
2015-04-08,335457,1.6806165916943137
2015-04-09,337977,1.6262943928137121
2015-04-10,305651,1.6104056587415052
2015-04-11,209504,1.7694545211547268
2015-04-12,195987,1.7849755340915463
2015-04-13,295562,1.678773658318727
2015-04-14,333133,1.6703932063169955
2015-04-15,333317,1.6343129813360857
2015-04-16,324646,1.634876142013146
2015-04-17,312994,1.689419605487645
2015-04-18,201757,1.7997031081945112
2015-04-19,190036,1.6887237155065364
2015-04-20,312474,1.61543936455513
2015-04-21,334157,1.6248224636922164
2015-04-22,349212,1.5958294674867985
2015-04-23,352482,1.6506615940672138
2015-04-24,339177,1.6543197209716474
2015-04-25,214428,1.7447604790419144
2015-04-26,194619,1.6957645450855268
2015-04-27,310283,1.6366404218084791
2015-04-28,338309,1.682471941331742
2015-04-29,334362,1.615143467260035
2015-04-30,329713,1.5998707967232102
2015-05-01,269801,1.7004321703774259
2015-05-02,185388,1.804298552225604
2015-05-03,184225,1.7696734970823695
2015-05-04,290199,1.6734999086833502
2015-05-05,318410,1.6581938381332244
2015-05-06,333430,1.6042878565216092
2015-05-07,323210,1.564643111289874
2015-05-08,307116,1.623172026205082
2015-05-09,199942,1.6805938722229445
2015-05-10,192297,1.6829420115758427
2015-05-11,311788,1.5768002617162935
2015-05-12,341757,1.5689282150767931
2015-05-13,347345,1.5714102693287644
2015-05-14,329261,1.5589350090050154
2015-05-15,303973,1.5963430962618397
2015-05-16,193011,1.8340167140732915
2015-05-17,190978,1.7774633727445044
2015-05-18,300681,1.680184980095183
2015-05-19,327292,1.60678048959339
2015-05-20,343514,1.621434643129539
2015-05-21,340896,1.6003329461184652
2015-05-22,317184,1.656952746670702
2015-05-23,198457,1.8204830265498324
2015-05-24,185980,1.8038423486396395
2015-05-25,254463,1.7078329658928797
2015-05-26,312056,1.6504512010664734
2015-05-27,315379,1.6054775365512601
2015-05-28,307370,1.5374262289748524
2015-05-29,296514,1.57520690422712
2015-05-30,188361,1.7060845928828157
2015-05-31,176905,1.6861643254854282
2015-06-01,275740,1.6228508740117507
2015-06-02,296957,1.5352633546271
2015-06-03,308498,1.6375736633624862
2015-06-04,304196,1.64161987665847
2015-06-05,295832,1.581511127937478
2015-06-06,194130,1.7312744037500643
2015-06-07,189257,1.6137833739306875
2015-06-08,290212,1.5764665141344958
2015-06-09,314813,1.6224673059880006
2015-06-10,329335,1.5981878634217437
2015-06-11,316188,1.6053651624982608
2015-06-12,292472,1.5993476298585851
2015-06-13,188327,1.7351728642202138
2015-06-14,195827,1.8075546272985847
2015-06-15,305260,1.7268512088056094
2015-06-16,324462,1.6914541610419696
2015-06-17,320380,1.6148963730569947
2015-06-18,326467,1.6657175150934094
2015-06-19,304275,1.7057993591323632
2015-06-20,192004,1.7579925418220435
2015-06-21,190205,1.7471601692910264
2015-06-22,305885,1.6884809650685728
2015-06-23,330055,1.678154852979049
2015-06-24,332810,1.6373564496259132
2015-06-25,326942,1.6764071303166923
2015-06-26,324385,1.856166592166715
2015-06-27,210159,1.9235921373816973
2015-06-28,193396,1.8155339303811864
2015-06-29,306912,1.7718864039203432
2015-06-30,315936,1.6821410032411628
2015-07-01,321163,1.6791271099099219
2015-07-02,314270,1.7040576574283268
2015-07-03,271200,1.7257492625368742
2015-07-04,217449,1.7888015120786946
2015-07-05,231699,1.6987617555535404
2015-07-06,357470,1.5873583797241724
2015-07-07,375700,1.5855738621240352
2015-07-08,375393,1.556262103981693
2015-07-09,386411,1.561406636974622
2015-07-10,363696,1.5700549359904978
2015-07-11,239519,1.7152530696938455
2015-07-12,222315,1.7157510739266355
2015-07-13,337028,1.6455140225737912
2015-07-14,371079,1.5325480558048303
2015-07-15,369570,1.5661869199339777
2015-07-16,352358,1.642834276502876
2015-07-17,321721,1.7068702384985746
2015-07-18,210115,1.8585265211907755
2015-07-19,196486,1.7873706014677877
2015-07-20,312378,1.6595394041833924
2015-07-21,334923,1.659282581369451
2015-07-22,324385,1.7209276014612258
2015-07-23,344010,1.6417865759716295
2015-07-24,327843,1.7534429589773153
2015-07-25,224497,1.8734713604190691
2015-07-26,203999,1.8754312521139802
2015-07-27,317012,1.8283847299155884
2015-07-28,345318,1.7334384538309622
2015-07-29,361870,1.7465719733605969
2015-07-30,348019,1.7526511483568432
2015-07-31,326050,1.759635638705722
2015-08-01,222500,1.8250898876404484
2015-08-02,202130,1.859308365903133
2015-08-03,302516,1.760409366777295
2015-08-04,327058,1.743963761779255
2015-08-05,342870,1.6770122787062174
2015-08-06,333725,1.7191759682373218
2015-08-07,318701,1.768589681237272
2015-08-08,214680,1.9120169554686037
2015-08-09,190761,1.9467265321527993
2015-08-10,295740,1.876336985189693
2015-08-11,320817,1.779108339021935
2015-08-12,329514,1.7426910540978524
2015-08-13,335116,1.701051874574774
2015-08-14,310127,1.6604903797476511
2015-08-15,210849,1.829929001323224
2015-08-16,197428,1.8804136191421676
2015-08-17,295992,1.7726573691180842
2015-08-18,324908,1.7178884484223236
2015-08-19,337157,1.6961587628315604
2015-08-20,332709,1.7489719244144277
2015-08-21,316146,1.789755682501123
2015-08-22,223172,1.8849403150932906
2015-08-23,274698,1.6724162534856468
2015-08-24,311262,1.704173333076315
2015-08-25,334372,1.6898621894177752
2015-08-26,348063,1.7469300097970761
2015-08-27,340749,1.6952231701340281
2015-08-28,317392,1.6743077960377073
2015-08-29,229662,1.7939101810486717
2015-08-30,206397,1.7601927353595268
2015-08-31,310535,1.6740885890479336
2015-09-01,350785,1.701156833958123
2015-09-02,354104,1.6557305198472763
2015-09-03,362117,1.5563458771612475
2015-09-04,347830,1.5090472357185993
2015-09-05,242556,1.5636760170847162
2015-09-06,222328,1.5600288762549024
2015-09-07,314952,1.5694874139551434
2015-09-08,372491,1.572631821976908
2015-09-09,388573,1.5169960342072168
2015-09-10,377612,1.5245601305043264
2015-09-11,357981,1.5444101781938164
2015-09-12,234547,1.5428199891706142
2015-09-13,219225,1.5700358079598586
2015-09-14,346091,1.644807868450784
2015-09-15,373642,1.5874516248173403
2015-09-16,386536,1.5977417368628033
2015-09-17,378817,1.5782858213860522
2015-09-18,353583,1.5983005404671624
2015-09-19,244578,1.6471992574965857
2015-09-20,225949,1.5265555501462706
2015-09-21,345519,1.4744940220364169
2015-09-22,384242,1.4728285819873954
2015-09-23,374082,1.4051085056217631
2015-09-24,347716,1.4237115922189385
2015-09-25,337489,1.4249934071925308
2015-09-26,228326,1.5261258025805213
2015-09-27,223417,1.4988586365406393
2015-09-28,345218,1.484548314398438
2015-09-29,373059,1.534010169973115
2015-09-30,393371,1.6235012240353264
2015-10-01,387984,1.7308231782753938
2015-10-02,365278,1.8434696313492747
2015-10-03,239271,1.9155614345240324
2015-10-04,218273,1.9263055897889354
2015-10-05,334639,1.7470581731358268
2015-10-06,367736,1.7215951117105763
2015-10-07,377489,1.7549041164113421
2015-10-08,371211,1.7358017407889315
2015-10-09,355547,1.7877096417632574
2015-10-10,248311,1.9785369959446029
2015-10-11,235639,1.9651118872512603
2015-10-12,331123,1.8101146703792867
2015-10-13,365409,1.77836232824041
2015-10-14,374019,1.7241519815838269
2015-10-15,376333,1.649196854913069
2015-10-16,362490,1.7437738972109564
2015-10-17,240838,1.8868247535687883
2015-10-18,222337,1.7897088653710378
2015-10-19,337839,1.6452446283584785
2015-10-20,370169,1.6529333898840795
2015-10-21,78518,1.4987633408899876
2015-10-22,52224,1.6757142310049005
2015-10-23,393624,1.6308787065829342
2015-10-24,246814,1.7170334746003084
2015-10-25,224849,1.698587051754734
2015-10-26,333659,1.6380397351787317
2015-10-27,373057,1.6097864401418562
2015-10-28,380517,1.5718073042728704
2015-10-29,377958,1.5528040152609557
2015-10-30,352761,1.6205479063728703
2015-10-31,230328,1.712835608349832
2015-11-01,211106,1.7611200060633059
2015-11-02,320361,1.6249012832398455
2015-11-03,344199,1.630374289291952
2015-11-04,373460,1.5757213623949
2015-11-05,377359,1.5999234151033896
2015-11-06,358375,1.555779839553541
2015-11-07,232465,1.650706127804184
2015-11-08,218087,1.6649942454158229
2015-11-09,339474,1.5689563854669284
2015-11-10,362472,1.561655796861553
2015-11-11,368866,1.5340145201780613
2015-11-12,366574,1.5696893396694807
2015-11-13,351005,1.6682238144755777
2015-11-14,257425,1.9052959114305146
2015-11-15,236471,1.9618727032067365
2015-11-16,364412,1.864767900069154
2015-11-17,343727,1.7441923386873888
2015-11-18,395843,1.7923181665458283
2015-11-19,393162,1.8246155528764245
2015-11-20,379062,1.7644641246023078
2015-11-21,251554,1.907418287922275
2015-11-22,226302,1.8345361508073315
2015-11-23,343222,1.7182945731916979
2015-11-24,404985,1.9108962060323214
2015-11-25,409871,1.872391069385248
2015-11-26,344777,1.822267146590404
2015-11-27,321078,1.8221024174811111
2015-11-28,235553,1.9701871765589927
2015-11-29,228240,1.8597507010164764
2015-11-30,343763,1.682222054147771
2015-12-01,367790,1.681753718154382
2015-12-02,376039,1.6938062275455488
2015-12-03,374272,1.8068492967681276
2015-12-04,355966,1.779133681306641
2015-12-05,243496,1.9317298846798334
2015-12-06,226055,1.8851168963305394
2015-12-07,336809,1.7433895768818541
2015-12-08,349523,1.708390291912122
2015-12-09,386910,1.6721715644465165
2015-12-10,374944,1.625662498933175
2015-12-11,343069,1.66849933978296
2015-12-12,239883,1.7897374970298012
2015-12-13,215746,1.7730891882120665
2015-12-14,330255,1.7000381523368315
2015-12-15,357889,1.6771688987367592
2015-12-16,363937,1.722574236749768
2015-12-17,352361,1.6378969295693917
2015-12-18,329343,1.6763164846376313
2015-12-19,225304,1.720550900117175
2015-12-20,201411,1.8766730714807036
2015-12-21,293013,1.7737025319695727
2015-12-22,306316,1.7579907677048752
2015-12-23,303222,1.795712712138302
2015-12-24,254423,1.8408398611760726
2015-12-25,180778,1.8758809147130735
2015-12-26,171168,1.9976794727986549
2015-12-27,182622,2.01685065326193
2015-12-28,252950,1.9010970547531503
2015-12-29,266608,1.9053156694472793
2015-12-30,275563,1.8750423678069994
2015-12-31,245479,1.91872176438718
2016-01-01,172349,2.0176908482207616
2016-01-02,179553,2.201936475585292
2016-01-03,197974,2.22059916958847
2016-01-04,306819,2.0488988621959567
2016-01-05,331836,1.9424209549295472
2016-01-06,336716,1.817668005082794
2016-01-07,336800,1.7911288598563686
2016-01-08,317524,1.8857292677062125
2016-01-09,233279,2.009394330376001
2016-01-10,216098,1.9240710233278844
2016-01-11,317843,1.7324660288262304
2016-01-12,348387,1.7550999319713776
2016-01-13,376093,1.7448516723246454
2016-01-14,363973,1.763710220266654
2016-01-15,341992,1.7627719361925296
2016-01-16,253728,1.831110086386388
2016-01-17,239461,1.827067038056463
2016-01-18,336337,1.6916782869579092
2016-01-19,357769,1.6206177729226379
2016-01-20,377287,1.6482614031237681
2016-01-21,378108,1.6218146667199198
2016-01-22,353411,1.638674800731539
2016-01-23,240931,1.7038380283063488
2016-01-24,216776,1.6743569398792886
2016-01-25,322482,1.642623154162455
2016-01-26,350282,1.5847417223722557
2016-01-27,367201,1.594577356803479
2016-01-28,366910,1.508070098932388
2016-01-29,331134,1.56554295239828
2016-01-30,238354,1.6291163563271014
2016-01-31,219472,1.7512161004680902
2016-02-01,354720,1.6278385769095227
2016-02-02,373411,1.5541424864311888
2016-02-03,372754,1.5879572050352957
2016-02-04,392520,1.624194181191645
2016-02-05,368574,1.6195271506054933
2016-02-06,249944,1.7425027206109196
2016-02-07,228998,1.6971170053743145
2016-02-08,335172,1.6147882281409869
2016-02-09,360606,1.6243531721640077
2016-02-10,374148,1.608775404397141
2016-02-11,395634,1.6169881759394458
2016-02-12,386258,1.6108352448200263
2016-02-13,282175,1.6582645521567934
2016-02-14,256483,1.7852582822375058
2016-02-15,354577,1.6892474695192143
2016-02-16,396498,1.648288768160588
2016-02-17,402321,1.6375826765298174
2016-02-18,401189,1.6739691267612962
2016-02-19,388410,1.6842048351570105
2016-02-20,271310,1.8119988205142603
2016-02-21,246392,1.8014245592288614
2016-02-22,347644,1.6487179412938164
2016-02-23,386365,1.6318136994979302
2016-02-24,396783,1.591802572263031
2016-02-25,392353,1.6145985885545275
2016-02-26,369620,1.6811538878622172
2016-02-27,259905,1.8137627211347822
2016-02-28,230682,1.826879860604003
2016-02-29,340406,1.7021301034980914
2016-03-01,370764,1.6762512003087935
2016-03-02,391116,1.6199043250595726
2016-03-03,384222,1.647530073759444
2016-03-04,365283,1.6345712776121533
2016-03-05,241160,1.6634827500414657
2016-03-06,230554,1.661094147141235
2016-03-07,345421,1.6218044067963446
2016-03-08,365899,1.6590949961601433
2016-03-09,385544,1.7041045898781988
2016-03-10,382868,1.6640771754233843
2016-03-11,354717,1.620989972287767
2016-03-12,244302,1.7227648566118994
2016-03-13,225312,1.8025475784689693
2016-03-14,360169,1.7229900407864105
2016-03-15,388798,1.6640790333283622
2016-03-16,387040,1.6174281727986783
2016-03-17,377088,1.6037344068228099
2016-03-18,352413,1.6580512069645583
2016-03-19,233123,1.815140076268752
2016-03-20,219969,1.7864553641649499
2016-03-21,340177,1.6939017041128592
2016-03-22,383839,1.8062950872631494
2016-03-23,386052,1.7523887973640886
2016-03-24,365167,1.7529429000977648
2016-03-25,313456,1.920332997294675
2016-03-26,219041,1.9786405284855362
2016-03-27,209650,1.9567374195087046
2016-03-28,305063,1.8397367101221707
2016-03-29,365106,1.7099765547539647
2016-03-30,372361,1.613032514146219
2016-03-31,374580,1.6637353836296678
2016-04-01,349547,1.6471824962022283
2016-04-02,249446,1.843079864980798
2016-04-03,229518,1.858913462124975
2016-04-04,351143,1.6832461418852154
2016-04-05,376581,1.6495396740674673
2016-04-06,377971,1.5881361268457128
2016-04-07,382205,1.585364921965963
2016-04-08,376069,1.606190087457355
2016-04-09,257646,1.719075786156198
2016-04-10,240746,1.731931163965343
2016-04-11,346238,1.6561099590455128
2016-04-12,370165,1.5828489997703725
2016-04-13,381858,1.5977389500809214
2016-04-14,371174,1.5868175033811664
2016-04-15,360154,1.6092463224065245
2016-04-16,250955,1.5159163993544658
2016-04-17,232841,1.5377476475363019
2016-04-18,356710,1.556114210423033
2016-04-19,376639,1.6212617386940826
2016-04-20,418892,1.5488746502678497
2016-04-21,397920,1.5191460595094506
2016-04-22,378287,1.5373256284249797
2016-04-23,259517,1.6878289283553678
2016-04-24,241435,1.7269401702321552
2016-04-25,388617,1.6557970958553014
2016-04-26,414373,1.6358095242691988
2016-04-27,407201,1.6390428805430262
2016-04-28,401065,1.6745330557390958
2016-04-29,374121,1.689582514747903
2016-04-30,247251,1.7941286385090438
2016-05-01,228112,1.8057861927474241
2016-05-02,334759,1.752323611911852
2016-05-03,390009,1.7119633136671228
2016-05-04,393264,1.6819866552748295
2016-05-05,375685,1.6864884144961876
2016-05-06,362429,1.7119604115564715
2016-05-07,242257,1.846934453906389
2016-05-08,220372,1.9426796507723307
2016-05-09,351126,1.6786048313141162
2016-05-10,394108,1.6882826534858457
2016-05-11,401071,1.6318297757753624
2016-05-12,398607,1.6280454181687751
2016-05-13,376869,1.6837397079621848
2016-05-14,253410,1.8241036265340753
2016-05-15,226351,1.7579007824131556
2016-05-16,337735,1.6035356122403663
2016-05-17,399796,1.5848990485147418
2016-05-18,398669,1.5571260870546775
2016-05-19,393019,1.5445734175701429
2016-05-20,386556,1.5688601392812387
2016-05-21,248630,1.6631914893617001
2016-05-22,236519,1.731077841526473
2016-05-23,378126,1.629884482950125
2016-05-24,406692,1.5739121989121962
2016-05-25,416990,1.6417803784263378
2016-05-26,406058,1.6012894709622731
2016-05-27,376244,1.631507213404064
2016-05-28,251712,1.680934957411643
2016-05-29,227390,1.7538651655745623
2016-05-30,316188,1.7436616822902802
2016-05-31,378506,1.6917496684332576
2016-06-01,398606,1.6938164503293942
2016-06-02,388250,1.6623822279459075
2016-06-03,370050,1.6424680448587998
2016-06-04,276047,1.682923922375536
2016-06-05,232300,1.8094567369780437
2016-06-06,345862,1.7697298344426364
2016-06-07,374988,1.7025747490586334
2016-06-08,392335,1.6800848764448717
2016-06-09,386098,1.7007246864785588
2016-06-10,353679,1.7262633631060897
2016-06-11,227239,1.8522106680631378
2016-06-12,216092,2.0203940914055116
2016-06-13,349187,1.9489688905944362
2016-06-14,394283,1.8424296761463195
2016-06-15,398243,1.747100137353321
2016-06-16,392151,1.7457497239583688
2016-06-17,372305,1.7605479378466546
2016-06-18,244101,1.8293648940397602
2016-06-19,221296,1.8491581411322378
2016-06-20,348171,1.7631824591938983
2016-06-21,384404,1.7677172974266624
2016-06-22,393013,1.661982682506682
2016-06-23,389363,1.6583838217807005
2016-06-24,371852,1.509115992384063
2016-06-25,244752,1.6757664901614682
2016-06-26,227186,1.6772345126900423
2016-06-27,363125,1.586556144578311
2016-06-28,386643,1.659304578125037
2016-06-29,408859,1.7380292472466021
2016-06-30,402691,1.7740870791748466
2016-07-01,357478,1.8000553880238757
2016-07-02,245548,2.0035736393698964
2016-07-03,218159,1.9420010176064229
2016-07-04,308713,1.8222873672310491
2016-07-05,350705,1.7433635106428458
2016-07-06,361475,1.7152527837333127
2016-07-07,367486,1.707610630064815
2016-07-08,371157,1.9603464302168578
2016-07-09,261457,2.0285106155122996
2016-07-10,244679,2.0468626240911534
2016-07-11,367180,1.839966229097443
2016-07-12,398662,1.7378014458363187
2016-07-13,395913,1.6609100989358754
2016-07-14,383391,1.6373227331888314
2016-07-15,375517,1.7798240825315454
2016-07-16,293516,1.8761535998037557
2016-07-17,256568,1.9896892831530024
2016-07-18,371860,1.8858637659334112
2016-07-19,381348,1.8769947659355708
2016-07-20,398117,1.797139031993105
2016-07-21,388032,1.7664561170212725
2016-07-22,364217,1.7844065488431313
2016-07-23,250104,1.977468573073601
2016-07-24,225542,1.9704427556730002
2016-07-25,347117,1.8160793046724863
2016-07-26,382646,1.8055134510748807
2016-07-27,380964,1.7783730221228224
2016-07-28,378344,1.7009914257923973
2016-07-29,357941,1.7314948552973786
2016-07-30,240178,1.865717925871643
2016-07-31,217554,1.9154899473234228
2016-08-01,338599,1.8929911192885942
2016-08-02,358221,1.7807350769497001
2016-08-03,367501,1.7544556341343265
2016-08-04,363700,1.782760791861421
2016-08-05,333233,1.8240144283429278
2016-08-06,215119,1.962211613107163
2016-08-07,201451,1.8913328799559197
2016-08-08,318626,1.8456974634838315
2016-08-09,348799,1.7697112090344256
2016-08-10,360652,1.8080060556991184
2016-08-11,362457,1.829141939595591
2016-08-12,336980,1.7908157754169365
2016-08-13,227451,1.856356314107213
2016-08-14,204089,2.0309458128561544
2016-08-15,307054,1.9220199052935285
2016-08-16,357265,1.8936027878465544
2016-08-17,362284,1.8098328935310384
2016-08-18,356188,1.7845921255067527
2016-08-19,331090,1.7535041831526146
2016-08-20,226820,1.8637576051494562
2016-08-21,210929,1.986348012838445
2016-08-22,334790,1.7673434093013536
2016-08-23,378980,1.7334371206923858
2016-08-24,403975,1.762906367968314
2016-08-25,394689,1.6631489603206584
2016-08-26,365334,1.7294880848757577
2016-08-27,239468,1.8368441712462642
2016-08-28,225637,1.9224936513071886
2016-08-29,339914,1.7908209135251867
2016-08-30,378089,1.7125607991769147
2016-08-31,395371,1.6641104178101072
2016-09-01,386666,1.575707975358578
2016-09-02,362152,1.6317598687843764
2016-09-03,249725,1.6614491941135248
2016-09-04,234343,1.6186931122329244
2016-09-05,335780,1.6237479897551967
2016-09-06,382200,1.599785452642596
2016-09-07,403669,1.5631467861044572
2016-09-08,397189,1.5626938308966265
2016-09-09,380912,1.581376538413073
2016-09-10,249184,1.7508375337100306
2016-09-11,217791,1.8425141534774157
2016-09-12,334245,1.6504447336534576
2016-09-13,374970,1.6255495106275166
2016-09-14,379775,1.5422026199723529
2016-09-15,377474,1.5818111975924172
2016-09-16,369821,1.6393950046103394
2016-09-17,255863,1.7745942164361412
2016-09-18,241553,1.9086183984467193
2016-09-19,377985,1.6848684471606001
2016-09-20,417611,1.6400789251240988
2016-09-21,416492,1.6436623032375182
2016-09-22,411271,1.6535381779896952
2016-09-23,387669,1.6440298295711033
2016-09-24,256298,1.7491517686443117
2016-09-25,239391,1.7867355080182634
2016-09-26,368089,1.6214643741051757
2016-09-27,397682,1.6069553059982609
2016-09-28,419679,1.643459167601904
2016-09-29,409218,1.6689959874687832
2016-09-30,394972,1.6597548686995542
2016-10-01,246355,1.8001798218018743
2016-10-02,223601,1.7974199578713874
2016-10-03,358667,1.723222933807682
2016-10-04,390490,1.6361696842428743
2016-10-05,414865,1.6376013884034566
2016-10-06,404314,1.6638350391032708
2016-10-07,384766,1.632235696501249
2016-10-08,252990,1.7641025336969827
2016-10-09,237419,1.9073570354520921
2016-10-10,365880,1.69670657046026
2016-10-11,390405,1.6573207310357192
2016-10-12,390652,1.672604261593439
2016-10-13,400321,1.6354662883036348
2016-10-14,382522,1.5885128175634358
2016-10-15,257759,1.694234536912388
2016-10-16,246357,1.7884805384056472
2016-10-17,370623,1.7812340302679537
2016-10-18,409044,1.6730557103881245
2016-10-19,410566,1.642149861410834
2016-10-20,418307,1.6530638980461723
2016-10-21,383223,1.6739423260086175
2016-10-22,258506,1.772925966902123
2016-10-23,224746,1.7750522812419351
2016-10-24,356631,1.634606357832045
2016-10-25,394743,1.7036717560539383
2016-10-26,406733,1.658739517078772
2016-10-27,403694,1.6532502340881945
2016-10-28,379552,1.6588225065340185
2016-10-29,244793,1.7989897586940817
2016-10-30,223140,1.75871067491261
2016-10-31,345973,1.6779424984030553
2016-11-01,362731,1.6397707943351956
2016-11-02,388557,1.679595271736192
2016-11-03,385866,1.6889619712542696
2016-11-04,370360,1.7294200237606627
2016-11-05,254725,1.8434931789184414
2016-11-06,227229,1.8302861870623919
2016-11-07,362736,1.6480597459309239
2016-11-08,383204,1.599233567499295
2016-11-09,418150,1.4154490015544674
2016-11-10,396648,1.5350373631028011
2016-11-11,360024,1.6009029953558644
2016-11-12,242243,1.7889453978030334
2016-11-13,224114,1.7125346921655937
2016-11-14,354247,1.5845443998114317
2016-11-15,403038,1.5800658994933485
2016-11-16,403904,1.5697608837743622
2016-11-17,396733,1.5498337672943767
2016-11-18,377741,1.513129631149386
2016-11-19,249059,1.6870315868930663
2016-11-20,219283,1.6054970061518694
2016-11-21,349582,1.6155954826049395
2016-11-22,379085,1.6011585792104674
2016-11-23,382594,1.5921914614447683
2016-11-24,337856,1.631461036654671
2016-11-25,314417,1.7127865223572512
2016-11-26,242534,1.6698941179381033
2016-11-27,226345,1.6881442046433528
2016-11-28,348119,1.6275922888437575
2016-11-29,384728,1.557283847289513
2016-11-30,390244,1.5639423027644241
2016-12-01,381450,1.569080875606239
2016-12-02,358537,1.6057756940009005
2016-12-03,249519,1.5773784761881868
2016-12-04,223100,1.641958314657105
2016-12-05,354675,1.5491348417565378
2016-12-06,387280,1.5984272361082417
2016-12-07,397828,1.6329612294760554
2016-12-08,376754,1.571989945694006
2016-12-09,356158,1.6200284705102794
2016-12-10,247758,1.7000815311715456
2016-12-11,213581,1.751575280572712
2016-12-12,330772,1.6379231011089215
2016-12-13,387657,1.57844976357966
2016-12-14,388086,1.624361095221164
2016-12-15,387399,1.579668765278176
2016-12-16,361571,1.5919891252340483
2016-12-17,243038,1.714099029781352
2016-12-18,218874,1.8053738680702154
2016-12-19,367609,1.8972606764252251
2016-12-20,407154,1.9799397770868035
2016-12-21,379651,1.8388203903058344
2016-12-22,352376,1.7912655799486932
2016-12-23,317766,1.8462126218664066
2016-12-24,218650,1.8204486622455986
2016-12-25,176637,1.7811749520202433
2016-12-26,219960,1.7892935079105283
2016-12-27,276823,1.6546974059236426
2016-12-28,305882,1.6759475876318313
2016-12-29,314289,1.7359840783482714
2016-12-30,287804,1.8244287779183064
2016-12-31,206734,1.823607147348769
2017-01-01,177178,2.029324746864736
2017-01-02,233297,2.017791913312217
2017-01-03,298015,1.8565857423284071
2017-01-04,328499,1.7710556196518117
2017-01-05,334759,1.787217371302939
2017-01-06,321377,1.73686853757425
2017-01-07,195490,1.804055961941786
2017-01-08,216089,1.8072831101999647
2017-01-09,335212,1.6515321647196388
2017-01-10,368843,1.6312479835594016
2017-01-11,357775,1.5446730487037954
2017-01-12,382614,1.5348026993262147
2017-01-13,363981,1.5710259601462717
2017-01-14,246066,1.644267391675404
2017-01-15,231943,1.6445825051844645
2017-01-16,348047,1.5977879424330634
2017-01-17,387545,1.620460333638674
2017-01-18,415519,1.5864600656046997
2017-01-19,400487,1.5917695206086604
2017-01-20,363554,1.5995962085412354
2017-01-21,264688,1.726187057970141
2017-01-22,234439,1.5988896898553562
2017-01-23,357994,1.5169106186137202
2017-01-24,393716,1.4800391652866547
2017-01-25,400657,1.5373696203984968
2017-01-26,400762,1.5574173699103215
2017-01-27,379731,1.5296983917562699
2017-01-28,283455,1.5775858601894481
2017-01-29,283935,1.8123359219539703
2017-01-30,424668,1.7829014665574061
2017-01-31,444419,1.7385078045718134
2017-02-01,429397,1.6714036194943152
2017-02-02,425288,1.623546631929422
2017-02-03,405445,1.6571557177915641
2017-02-04,270199,1.755045355460236
2017-02-05,238474,1.7730301835839553
2017-02-06,365962,1.625376951705369
2017-02-07,404242,1.6182957238485873
2017-02-08,414928,1.6786972679597425
2017-02-09,418677,1.6580502392058807
2017-02-10,385513,1.6095078505783205
2017-02-11,257989,1.687935144521667
2017-02-12,230194,1.749638131315326
2017-02-13,367527,1.588531726920744
2017-02-14,404338,1.5839569864816072
2017-02-15,430606,1.5535045958486435
2017-02-16,433373,1.5549194342979378
2017-02-17,400520,1.6275239688405083
2017-02-18,270535,1.6478252351821405
2017-02-19,242392,1.6861822997458646
2017-02-20,361468,1.623023614815143
2017-02-21,398242,1.6177582977184748
2017-02-22,417652,1.6014366027218851
2017-02-23,408903,1.6139328887291111
2017-02-24,380756,1.7004932292596837
2017-02-25,258043,1.7727991071255573
2017-02-26,226142,1.7466127477425686
2017-02-27,353696,1.713376741608614
2017-02-28,391426,1.6867579057088706
2017-03-01,411882,1.6122610359277656
2017-03-02,413580,1.5849289133903963
2017-03-03,396792,1.5913755821689979
2017-03-04,266959,1.6817867163122437
2017-03-05,239548,1.7448615726284504
2017-03-06,382645,1.715641652184141
2017-03-07,401685,1.6916379750301864
2017-03-08,397315,1.681416508312047
2017-03-09,408197,1.6255602074488542
2017-03-10,382613,1.6111964308583355
2017-03-11,258596,1.698671286485485
2017-03-12,243769,1.7504251976256204
2017-03-13,364956,1.5947453939653
2017-03-14,395501,1.5556375331541523
2017-03-15,396877,1.5938081571872407
2017-03-16,419235,1.5625677722518407
2017-03-17,406831,1.631402474246063
2017-03-18,263103,1.700529830522648
2017-03-19,226989,1.7315019670556724
2017-03-20,350490,1.6009466746554817
2017-03-21,384713,1.5676137796227325
2017-03-22,397534,1.6718718398929415
2017-03-23,385107,1.7517090055491111
2017-03-24,362662,1.694409394973833
2017-03-25,243416,1.725108045485918
2017-03-26,210514,1.8262837626001118
2017-03-27,342755,1.5821686043967251
2017-03-28,385433,1.5637488227525926
2017-03-29,407555,1.5317957085546736
2017-03-30,389524,1.5107703248066866
2017-03-31,370540,1.555562962163329
2017-04-01,232465,1.6516839094057183
2017-04-02,212702,1.6342037216387244
2017-04-03,354959,1.5702557196746658
2017-04-04,381411,1.6158794581173608
2017-04-05,401794,1.668724520525444
2017-04-06,398646,1.665068005197595
2017-04-07,441227,2.080932037250668
2017-04-08,268285,2.0741837970814623
2017-04-09,240130,2.153413984091951
2017-04-10,372420,1.8923940712099243
2017-04-11,403869,1.8208077371622993
2017-04-12,393716,1.7140725802355026
2017-04-13,377168,1.7362138357442847
2017-04-14,296985,1.83733723925451
2017-04-15,215615,1.913085360480488
2017-04-16,206663,1.7477574602130048
2017-04-17,291925,1.6989028003768096
2017-04-18,359769,1.6292582184679614
2017-04-19,355128,1.6139693293685653
2017-04-20,375098,1.652156236503528
2017-04-21,362497,1.6817871596178726
2017-04-22,226855,1.7402852042053307
2017-04-23,206841,1.7502637291446095
2017-04-24,339577,1.65549286317978
2017-04-25,387338,1.702945489469147
2017-04-26,393115,1.6763099856276156
2017-04-27,401131,1.6818740012614322
2017-04-28,369575,1.660431576811203
2017-04-29,250201,1.732861179611592
2017-04-30,208794,1.7199177179420864
2017-05-01,293223,1.760876534241858
2017-05-02,350365,1.6455935952506673
2017-05-03,380958,1.5944694690753318
2017-05-04,347543,1.5198913515737627
2017-05-05,323799,1.6057578930138767
2017-05-06,226777,1.6555558985258647
2017-05-07,208507,1.66240126230774
2017-05-08,330960,1.5543086777858364
2017-05-09,355793,1.5756397680673884
2017-05-10,369258,1.4955448494006913
2017-05-11,359673,1.4681861023763252
2017-05-12,353851,1.5405094234578967
2017-05-13,236411,1.5815423140209213
2017-05-14,209188,1.6168068914086855
2017-05-15,329490,1.592517830586667
2017-05-16,367194,1.5977194616469765
2017-05-17,374645,1.5517025450760058
2017-05-18,381004,1.561127442231578
2017-05-19,369641,1.5753293060023106
2017-05-20,241808,1.5268030834381
2017-05-21,218790,1.5791841491841503
2017-05-22,352339,1.451480534371728
2017-05-23,359677,1.617523500251615
2017-05-24,380482,1.6033767694660983
2017-05-25,382515,1.6144216566670604
2017-05-26,355699,1.713806617392797
2017-05-27,248946,1.8102640733331736
2017-05-28,209797,1.8136093461774958
2017-05-29,283638,1.6711487882441702
2017-05-30,332354,1.6897242097281824
2017-05-31,364224,1.6846075492004926
2017-06-01,352189,1.6359857917197878
2017-06-02,336437,1.5711402134723604
2017-06-03,221055,1.7066255004410673
2017-06-04,200646,1.8304197442261498
2017-06-05,331312,1.7377683271357518
2017-06-06,369825,1.7079624146555805
2017-06-07,387843,1.680907738440556
2017-06-08,379478,1.6384688967476386
2017-06-09,364107,1.5728489152913843
2017-06-10,225365,1.718589843143345
2017-06-11,212636,1.6901192648469707
2017-06-12,317967,1.6193265338855938
2017-06-13,362747,1.584999738109483
2017-06-14,362868,1.5718297011585498
2017-06-15,350885,1.582448095529877
2017-06-16,341148,1.6867359621044242
2017-06-17,224945,1.7763035408655459
2017-06-18,206985,1.8244824504191142
2017-06-19,337537,1.75551835798742
2017-06-20,367852,1.6744940900144636
2017-06-21,379840,1.630902748525695
2017-06-22,356285,1.6366150693966917
2017-06-23,332300,1.6682395425820062
2017-06-24,228128,1.7568768410716802
2017-06-25,188472,1.7180520183369425
2017-06-26,292455,1.604646184883145
2017-06-27,305205,1.7055316918137013
2017-06-28,322289,1.7363748064625277
2017-06-29,318153,1.649689300430925
2017-06-30,313430,1.7010018185878832
2017-07-01,211650,1.7954193243562493
2017-07-02,189635,1.8045049700740918
2017-07-03,275261,1.5738935047100762
2017-07-04,291898,1.5785976608267285
2017-07-05,308066,1.6153275596787706
2017-07-06,343682,1.6041355089879605
2017-07-07,331714,1.6327589429448266
2017-07-08,237147,1.648938422160096
2017-07-09,213319,1.6634462940478831
2017-07-10,298581,1.645345819057477
2017-07-11,331029,1.6251687918581184
2017-07-12,342879,1.5767346498327424
2017-07-13,327825,1.5173949515747747
2017-07-14,306447,1.672019957774102
2017-07-15,206382,1.7640579120272109
2017-07-16,178541,1.7339608269249085
2017-07-17,288602,1.6579635622760753
2017-07-18,305896,1.609035096895678
2017-07-19,332315,1.6496249040819704
2017-07-20,315185,1.6887589828196155
2017-07-21,297526,1.7745420568286479
2017-07-22,220712,1.8658505201348365
2017-07-23,197841,1.782909002683975
2017-07-24,301591,1.7115689791804156
2017-07-25,331219,1.67335056261869
2017-07-26,316653,1.6855832725412374
2017-07-27,319130,1.6870121893899062
2017-07-28,313984,1.7890344730941725
2017-07-29,220990,1.845410652065703
2017-07-30,199635,1.9574553560247467
2017-07-31,302021,1.807774293840495
2017-08-01,323536,1.6834868453587868
2017-08-02,333882,1.6630225648582435
2017-08-03,320352,1.6513759864149438
2017-08-04,305542,1.6639653468262972
2017-08-05,209752,1.7353531789923347
2017-08-06,197462,1.7749268213630984
2017-08-07,296152,1.7066962235608758
2017-08-08,313686,1.6792929872547724
2017-08-09,322049,1.7287313421249577
2017-08-10,292393,1.7614946322244396
2017-08-11,284423,1.7333707189643603
2017-08-12,204171,1.8273256241092024
2017-08-13,186899,1.8118887741507468
2017-08-14,288437,1.8184633039450575
2017-08-15,324754,1.7456530173608344
2017-08-16,329586,1.684898630402994
2017-08-17,343495,1.7145711000160122
2017-08-18,301862,1.942168606846839
2017-08-19,227181,1.9789115286929815
2017-08-20,194911,1.8856842353689667
2017-08-21,291018,1.7759678095512985
2017-08-22,325015,1.6703385997569375
2017-08-23,348779,1.5941630660102828
2017-08-24,227006,1.5627432755081372
2017-08-25,297312,1.7196302201054792
2017-08-26,219363,1.8357881684696125
2017-08-27,190636,1.7942702322751218
2017-08-28,189525,1.620631051312493
2017-08-29,6695,1.7961314413741578
2017-08-30,135585,1.5888335730353638
2017-08-31,311594,1.5939783821254603
2017-09-01,293063,1.5570720288811635
2017-09-02,203844,1.6386339553776432
2017-09-03,196285,1.627467203301324
2017-09-04,277401,1.5802369133492686
2017-09-05,327947,1.6159623353773631
2017-09-06,363959,1.5616171052233911
2017-09-07,351343,1.5695081444628198
2017-09-08,326650,1.5777434562987913
2017-09-09,210375,1.6344342245989325
2017-09-10,204652,1.599092605984794
2017-09-11,322910,1.6086599981418985
2017-09-12,360626,1.5567122170891747
2017-09-13,364868,1.507221241654517
2017-09-14,361749,1.5384542873649976
2017-09-15,333288,1.6451768440507921
2017-09-16,233375,1.7146343867166587
2017-09-17,208564,1.6963402121171436
2017-09-18,326013,1.5623861625149937
2017-09-19,372196,1.5220735848853832
2017-09-20,364375,1.4974312178387663
2017-09-21,361866,1.5064786412649993
2017-09-22,320864,1.5484392141218724
2017-09-23,225117,1.6413913653788936
2017-09-24,187891,1.7034988370917195
2017-09-25,318861,1.6456248961146094
2017-09-26,335369,1.61147661232851
2017-09-27,332069,1.5813815803342093
2017-09-28,327535,1.578676477323036
2017-09-29,306219,1.5688291712793792
2017-09-30,198709,1.6251292090443852
2017-10-01,172639,1.6898661368520438
2017-10-02,290347,1.8367608413381242
2017-10-03,339474,1.7338438289824858
2017-10-04,327562,1.6193026053083088
2017-10-05,336932,1.6460333242315985
2017-10-06,300241,1.6028403848908046
2017-10-07,214911,1.7392641605129586
2017-10-08,190582,1.7735546903694996
2017-10-09,297676,1.639533250917104
2017-10-10,324766,1.6234023881810302
2017-10-11,338264,1.5785590544663342
2017-10-12,352030,1.5422523648552695
2017-10-13,335840,1.5566844330633642
2017-10-14,217251,1.64387229517931
2017-10-15,200012,1.633354498730076
2017-10-16,306447,1.6966388967749733
2017-10-17,354318,1.6744272094559136
2017-10-18,336013,1.6638299708642244
2017-10-19,350540,1.6090737148399623
2017-10-20,340364,1.6293077411242085
2017-10-21,211949,1.8072932639455714
2017-10-22,202191,1.6510284829690725
2017-10-23,333737,1.5863380446279554
2017-10-24,347116,1.5644035423316718
2017-10-25,353293,1.519952277571308
2017-10-26,362728,1.5449196091837416
2017-10-27,329692,1.5841852395569203
2017-10-28,210528,1.6245943532451763
2017-10-29,196314,1.6665693735546117
2017-10-30,312656,1.5727339312215363
2017-10-31,348487,1.6008097863048
2017-11-01,353865,1.658379608042616
2017-11-02,348760,1.6192235348090396
2017-11-03,338263,1.674837921971957
2017-11-04,219899,1.6866006666696995
2017-11-05,205508,1.8132126243260627
2017-11-06,322456,1.7846090629419205
2017-11-07,361777,1.6805966106192487
2017-11-08,366500,1.5321197817189651
2017-11-09,365618,1.517582285336061
2017-11-10,352574,1.5095307651727023
2017-11-11,237753,1.5714611382401071
2017-11-12,212561,1.5078655068427422
2017-11-13,323779,1.4680149114056198
2017-11-14,357272,1.5015125730535859
2017-11-15,364620,1.4948587570621488
2017-11-16,336333,1.4657048223040856
2017-11-17,334902,1.5236334808391714
2017-11-18,221902,1.5253039630106995
2017-11-19,197975,1.5415426190175525
2017-11-20,301449,1.4910714581902758
2017-11-21,356034,1.4852457911323098
2017-11-22,343459,1.5166354644950366
2017-11-23,283189,1.4221526966089804
2017-11-24,283122,1.5725401063852367
2017-11-25,190937,1.7783331674845642
2017-11-26,180749,1.6966616689442267
2017-11-27,295103,1.5351470503519138
2017-11-28,349519,1.5280142138195645
2017-11-29,365893,1.5217730320066276
2017-11-30,345535,1.5055027710651614
2017-12-01,318578,1.5314830277043614
2017-12-02,215018,1.5741844868801675
2017-12-03,180989,1.5867130046577422
2017-12-04,296626,1.5342812160768122
2017-12-05,349053,1.5655327414461424
2017-12-06,352891,1.5315698048405906
2017-12-07,373544,1.5886147281177057
2017-12-08,352013,1.6912128245263676
2017-12-09,223115,1.8217954866324544
2017-12-10,205799,1.7751509968464405
2017-12-11,294044,1.6068965869053637
2017-12-12,325295,1.5747914969489254
2017-12-13,342594,1.5255132897832433
2017-12-14,327010,1.6082236017247167
2017-12-15,305077,1.6498959279132803
2017-12-16,193632,1.6350055775904813
2017-12-17,180159,1.696638524858599
2017-12-18,271098,1.6665036259950285
2017-12-19,304084,1.6518267978584864
2017-12-20,306401,1.652099373043822
2017-12-21,310195,1.6041696352294528
2017-12-22,283430,1.6060208869914983
2017-12-23,189723,1.6894904676818316
2017-12-24,163090,1.6438310135508003
2017-12-25,158559,1.6719000498237244
2017-12-26,197489,1.6999726567049311
2017-12-27,236090,1.6555978652208918
2017-12-28,250373,1.750756671046799
2017-12-29,227585,1.8600562427225005
2017-12-30,166846,1.9310597796770683
2017-12-31,151551,1.9972167785102064
2018-01-01,154224,1.9626724763979682
2018-01-02,215249,1.8656769601717094
2018-01-03,272243,1.7433109391242387
2018-01-04,276925,1.7181218741536515
2018-01-05,266942,1.6223516718987654
2018-01-06,200054,1.6961990262629112
2018-01-07,169295,1.7040083877255696
2018-01-08,266299,1.6236395930889727
2018-01-09,301983,1.614287228088999
2018-01-10,328014,1.579528922545989
2018-01-11,335143,1.600503068839271
2018-01-12,316780,1.5869998105941034
2018-01-13,210541,1.687108924152542
2018-01-14,190430,1.6547702567872726
2018-01-15,278102,1.607720188995405
2018-01-16,331892,1.5971044797705265
2018-01-17,340597,1.5823019580325137
2018-01-18,328380,1.594562092697483
2018-01-19,332756,1.6061684838139654
2018-01-20,231304,1.7405492339086235
2018-01-21,228543,1.781295423618313
2018-01-22,317549,1.6530670857096068
2018-01-23,340692,1.60651820412572
2018-01-24,341453,1.6014432440189421
2018-01-25,338046,1.5354487259130418
2018-01-26,322630,1.5549995350711345
2018-01-27,222361,1.671257999379389
2018-01-28,203490,1.6942655658754746
2018-01-29,283119,1.6101550937944835
2018-01-30,320221,1.5746568775939125
2018-01-31,334803,1.546786020435898
2018-02-01,329343,1.5812295995360464
2018-02-02,319606,1.6158219808138763
2018-02-03,212743,1.846622920613135
2018-02-04,187630,1.7883749933379542
2018-02-05,304020,1.6492720873626738
2018-02-06,338099,1.6570347738384321
2018-02-07,336375,1.5939650687476772
2018-02-08,327519,1.6030102070414234
2018-02-09,308648,1.6204822321868277
2018-02-10,233111,1.88609932607213
2018-02-11,200271,1.7920377887961838
2018-02-12,302107,1.640775288225695
2018-02-13,325187,1.5925282991017475
2018-02-14,332684,1.5813116951822164
2018-02-15,330968,1.6937380653114507
2018-02-16,321267,1.6332225220766512
2018-02-17,228243,1.6881967902630097
2018-02-18,199007,1.7660062208867042
2018-02-19,281428,1.6876718023792947
2018-02-20,342851,1.6675013343989067
2018-02-21,349902,1.6671850975415978
2018-02-22,342330,1.6734364502088621
2018-02-23,322220,1.646573459127303
2018-02-24,229554,1.7902206016884927
2018-02-25,202852,1.6993137854199145
2018-02-26,306742,1.6364808210157078
2018-02-27,323540,1.5940894479817025
2018-02-28,347866,1.5912219072861389
2018-03-01,349086,1.6008473556659388
2018-03-02,325476,1.6980993990340307
2018-03-03,214612,1.7916067135108968
2018-03-04,176708,1.7197314213278416
2018-03-05,318326,1.5646538454288994
2018-03-06,358536,1.5597747506526536
2018-03-07,361791,1.5740057104792526
2018-03-08,331993,1.5422665538128804
2018-03-09,346375,1.4830013713460835
2018-03-10,237854,1.579471020037503
2018-03-11,207273,1.5618671992975457
2018-03-12,318849,1.5130503780786515
2018-03-13,345732,1.5251058623442422
2018-03-14,372232,1.5843788282576454
2018-03-15,360328,1.6152655358451182
2018-03-16,350952,1.6259317513506106
2018-03-17,223680,1.6549391988555089
2018-03-18,200947,1.673711973804039
2018-03-19,336588,1.5517059431708788
2018-03-20,344747,1.6309342793410815
2018-03-21,349389,1.600330290879219
2018-03-22,343068,1.5827733860342543
2018-03-23,323292,1.6060725288593585
2018-03-24,216397,1.742960392242037
2018-03-25,204090,1.8723474937527593
2018-03-26,331140,1.7521395784260416
2018-03-27,360594,1.6062177961918367
2018-03-28,365789,1.5614463529521105
2018-03-29,345953,1.5958633109121758
2018-03-30,284080,1.7659708532807652
2018-03-31,199397,1.8085252034885189
2018-04-01,172021,1.8120020230088199
2018-04-02,273824,1.7316097201121885
2018-04-03,337298,1.6050044767534928
2018-04-04,356946,1.5759691942198522
2018-04-05,354031,1.609067002607115
2018-04-06,319172,1.6663679771408504
2018-04-07,213028,1.7522119158044958
2018-04-08,197782,1.7654847256069839
2018-04-09,318886,1.8191588843661992
2018-04-10,371292,1.7075705913405061
2018-04-11,364653,1.7800528173359307
2018-04-12,387112,1.7186917481245712
2018-04-13,344819,1.7072832413527088
2018-04-14,287080,2.1615413821931155
2018-04-15,223418,1.9244581904770448
2018-04-16,325871,1.771265623513597
2018-04-17,355617,1.6911747751091752
2018-04-18,370581,1.5339777268667294
2018-04-19,363378,1.5358843958632598
2018-04-20,313560,1.6339973210868723
2018-04-21,215034,1.704514634894948
2018-04-22,194448,1.781214514934586
2018-04-23,302784,1.665423205981822
2018-04-24,352395,1.6079674796747954
2018-04-25,338179,1.6458825060101288
2018-04-26,325967,1.5720634297336846
2018-04-27,318107,1.5332164963361385
2018-04-28,216605,1.6014293298862
2018-04-29,191812,1.5204742143348708
2018-04-30,300218,1.6124199748182984
2018-05-01,301620,1.590751607983556
2018-05-02,314201,1.5509180429088385
2018-05-03,324301,1.5830327381044158
2018-05-04,309227,1.5463956898977125
2018-05-05,202472,1.6093835196965531
2018-05-06,185805,1.7119986006835144
2018-05-07,290297,1.6383789705026233
2018-05-08,338632,1.5199833447518254
2018-05-09,378970,1.462578040478139
2018-05-10,379075,1.636786124117917
2018-05-11,338218,1.6089498489140135
2018-05-12,208327,1.6719546674218915
2018-05-13,193804,1.7110895543951639
2018-05-14,326445,1.725332598140575
2018-05-15,359077,1.6641171670700152
2018-05-16,376597,1.581779727400907
2018-05-17,353961,1.5532332658117687
2018-05-18,335351,1.588251414189908
2018-05-19,211382,1.6167748436479947
2018-05-20,181909,1.58923252835209
2018-05-21,292264,1.557677989762682
2018-05-22,321716,1.593537156995611
2018-05-23,337835,1.562150162061361
2018-05-24,348734,1.5466134647037568
2018-05-25,317219,1.5912142715285018
2018-05-26,206177,1.58159300018916
2018-05-27,187070,1.6149970599240935
2018-05-28,245553,1.5155811576319596
2018-05-29,321764,1.5842875523675741
2018-05-30,337654,1.6591913615713119
2018-05-31,324408,1.539118024216419
2018-06-01,303594,1.513192289702694
2018-06-02,205381,1.6744674531723964
2018-06-03,183334,1.648223461005596
2018-06-04,287610,1.4883039532700533
2018-06-05,318387,1.5099369635066764
2018-06-06,327494,1.4966295565720285
2018-06-07,323689,1.4682423560887148
2018-06-08,311089,1.5181896499072618
2018-06-09,204629,1.51703326507973
2018-06-10,195512,1.42737939359221
2018-06-11,314134,1.4457549962754748
2018-06-12,336362,1.402720580802825
2018-06-13,327026,1.440566805085834
2018-06-14,322242,1.478016211418748
2018-06-15,289539,1.5422001871941262
2018-06-16,187343,1.5683980719856085
2018-06-17,174097,1.6079725670172376
2018-06-18,281825,1.6101928501729803
2018-06-19,309564,1.5243132276362878
2018-06-20,336008,1.4786615199638102
2018-06-21,330608,1.4649569883366411
2018-06-22,317510,1.490055746275707
2018-06-23,204031,1.5986100151447573
2018-06-24,186046,1.6238371155520688
2018-06-25,289230,1.5328638108080077
2018-06-26,339243,1.4962207031537862
2018-06-27,326971,1.5403864562912315
2018-06-28,334896,1.5115462710811722
2018-06-29,310307,1.587359292571551
2018-06-30,203470,1.5984621811569264
2018-07-01,176591,1.6279085570612326
2018-07-02,281189,1.5939357513985253
2018-07-03,299733,1.5471049233818108
2018-07-04,276517,1.5892028338221513
2018-07-05,300950,1.5490413689981717
2018-07-06,285957,1.5656728109470999
2018-07-07,187477,1.659174725432987
2018-07-08,170892,1.625884184163097
2018-07-09,284336,1.5209502138315234
2018-07-10,317360,1.4783636879253845
2018-07-11,331286,1.4854068689893314
2018-07-12,328530,1.4630310778315523
2018-07-13,310424,1.4892021879751571
2018-07-14,195594,1.63924097876213
2018-07-15,142446,1.6927046038498803
2018-07-16,273571,1.5755021548336634
2018-07-17,297564,1.5780215348630888
2018-07-18,298122,1.5385509959010064
2018-07-19,310214,1.567167826081352
2018-07-20,290595,1.5670696329943736
2018-07-21,186992,1.6758048472661937
2018-07-22,168063,1.7183157506411295
2018-07-23,272780,1.6598460297675781
2018-07-24,304042,1.6713233697975942
2018-07-25,298948,1.6432566867816472
2018-07-26,299645,1.6478856647032318
2018-07-27,280824,1.6514959547617012
2018-07-28,182160,1.7025532498902078
2018-07-29,165510,1.7178563228807922
2018-07-30,263530,1.5951527340340752
2018-07-31,293641,1.618608436832732
2018-08-01,301073,1.6306344308523189
2018-08-02,290591,1.6618797553950406
2018-08-03,273041,1.6962284052578187
2018-08-04,183069,1.7165675237205649
2018-08-05,160561,1.854848935918438
2018-08-06,265695,1.7508846609834583
2018-08-07,294012,1.7306749384378861
2018-08-08,306708,1.6776063878346832
2018-08-09,290295,1.7568979830861717
2018-08-10,267901,1.75529094702894
2018-08-11,179432,1.8077533550314338
2018-08-12,162994,1.7373179380836106
2018-08-13,263201,1.6836243023392765
2018-08-14,281628,1.6380306645646032
2018-08-15,284140,1.610040473006264
2018-08-16,282312,1.5635024370200348
2018-08-17,267202,1.57304211794822
2018-08-18,183209,1.535692023863456
2018-08-19,162824,1.5529086621136932
2018-08-20,261845,1.5885886688689872
2018-08-21,278863,1.5922087189767025
2018-08-22,300334,1.6200343617439252
2018-08-23,297922,1.5725733581272947
2018-08-24,277994,1.5550792463146688
2018-08-25,198380,1.5867532009275125
2018-08-26,187693,1.581859206257027
2018-08-27,277496,1.5676723268083135
2018-08-28,317867,1.5514255962399375
2018-08-29,326890,1.561096699195448
2018-08-30,316437,1.563690402829
2018-08-31,298925,1.5522729781717826
2018-09-01,202089,1.6218017804036833
2018-09-02,174886,1.5936175565797153
2018-09-03,245766,1.5441997672582872
2018-09-04,292079,1.6011288041933867
2018-09-05,329282,1.5633806281545906
2018-09-06,316598,1.5248362276451524
2018-09-07,313250,1.5826713487629693
2018-09-08,204395,1.6620215758702506
2018-09-09,188969,1.6872074255565719
2018-09-10,280637,1.6191368208753656
2018-09-11,311645,1.6108200035296583
2018-09-12,319901,1.5469454612520757
2018-09-13,312899,1.5239521379103165
2018-09-14,297726,1.4998679994357236
2018-09-15,193207,1.649921069112402
2018-09-16,168075,1.6818432247508541
2018-09-17,283776,1.6190149977446995
2018-09-18,323353,1.6422992828271281
2018-09-19,320628,1.5316563119877245
2018-09-20,321857,1.5539867083829162
2018-09-21,298442,1.6076772036107525
2018-09-22,197235,1.656303394427967
2018-09-23,185370,1.6290197982413537
2018-09-24,294237,1.5768013540105434
2018-09-25,333906,1.4998625361628724
2018-09-26,332950,1.4652827751914697
2018-09-27,325360,1.513452790754856
2018-09-28,304438,1.5576340667065214
2018-09-29,195190,1.6264680567652026
2018-09-30,170197,1.5941667596961173
2018-10-01,275526,1.6016241661404014
2018-10-02,297201,1.5343905303145013
2018-10-03,309943,1.5057949364883219
2018-10-04,319279,1.551087919969683
2018-10-05,298675,1.6247971875784717
2018-10-06,193062,1.6537091711470928
2018-10-07,188912,1.7380849284322875
2018-10-08,271206,1.5661423419835838
2018-10-09,299618,1.536969073954168
2018-10-10,308621,1.5164593465771943
2018-10-11,302590,1.5091077034931761
2018-10-12,294091,1.5456933398165869
2018-10-13,190711,1.592437772336152
2018-10-14,180588,1.675622411234413
2018-10-15,288664,1.5261130587811425
2018-10-16,321034,1.527578075842435
2018-10-17,334721,1.580585323299106
2018-10-18,333746,1.5713551623090618
2018-10-19,321337,1.599559963527387
2018-10-20,207930,1.6662564324532287
2018-10-21,183665,1.721504913837694
2018-10-22,296835,1.5784594134788694
2018-10-23,339065,1.5886714936664061
2018-10-24,322690,1.5244005082277103
2018-10-25,320762,1.5204226186393641
2018-10-26,306616,1.5244406684582676
2018-10-27,204492,1.6753149267453
2018-10-28,179424,1.7448384831460682
2018-10-29,289013,1.5974399075474128
2018-10-30,320156,1.6617064805907134
2018-10-31,331085,1.6145237627799502
2018-11-01,319008,1.592364141338148
2018-11-02,307673,1.6408245117381115
2018-11-03,203777,1.685113138381663
2018-11-04,181844,1.6960939046655372
2018-11-05,279267,1.582583692308793
2018-11-06,297768,1.5532555546600038
2018-11-07,329363,1.4707580997258336
2018-11-08,311531,1.5948679264663868
2018-11-09,304411,1.6232632854923112
2018-11-10,213364,1.710023246658292
2018-11-11,194570,1.6243331448835898
2018-11-12,284086,1.6447600374534468
2018-11-13,316756,1.578898268698936
2018-11-14,322125,1.502416763678696
2018-11-15,320512,1.5327569638578267
2018-11-16,297540,1.5535165019829278
2018-11-17,203722,1.6481504206713067
2018-11-18,179251,1.634942064479416
2018-11-19,275763,1.5507540895624146
2018-11-20,302461,1.6592697901547637
2018-11-21,313307,1.6271158959104006
2018-11-22,265557,1.593399533810067
2018-11-23,254324,1.6818703700791127
2018-11-24,185043,1.7177104781050887
2018-11-25,179054,1.7559792018050435
2018-11-26,290281,1.6852126043385547
2018-11-27,326052,1.5555515684614714
2018-11-28,335079,1.547956750497644
2018-11-29,337231,1.5662916517164804
2018-11-30,324644,1.546693917029115
2018-12-01,216412,1.5303342698186786
2018-12-02,179474,1.501106009784147
2018-12-03,281581,1.4667981859571493
2018-12-04,313203,1.4503261463012802
2018-12-05,314990,1.4899495222070551
2018-12-06,314371,1.5455169210900497
2018-12-07,283281,1.5703103985089015
2018-12-08,177350,1.6573831406822672
2018-12-09,159480,1.6289058189114616
2018-12-10,254474,1.596735619356005
2018-12-11,287446,1.6090695295812094
2018-12-12,300108,1.5841753635357938
2018-12-13,284002,1.6253262300969706
2018-12-14,285017,1.7068115235231591
2018-12-15,178299,1.6911603542364224
2018-12-16,155885,1.6700971870288994
2018-12-17,246230,1.6343573082077727
2018-12-18,274797,1.5662438090663293
2018-12-19,285212,1.6072132308598517
2018-12-20,292433,1.627836119726571
2018-12-21,274733,1.6418431713700217
2018-12-22,172147,1.692258941486056
2018-12-23,147419,1.6314091128009283
2018-12-24,179189,1.597336332029309
2018-12-25,141028,1.6454966389653123
2018-12-26,179450,1.7392711061577035
2018-12-27,213488,1.650422037772615
2018-12-28,213716,1.6920113608714364
2018-12-29,160910,1.7933807718600439
2018-12-30,144763,1.7802318271934134
2018-12-31,172841,1.7317361042808126
2019-01-01,135457,1.7152934141461864
2019-01-02,195150,1.645708941839609
2019-01-03,227921,1.6666902128369037
2019-01-04,225063,1.628611988643181
2019-01-05,156586,1.6844896734063064
2019-01-06,148154,1.6945590399179238
2019-01-07,225052,1.6290874997778293
2019-01-08,267106,1.6052323796545187
2019-01-09,278441,1.520952733254082
2019-01-10,278012,1.4993136986892661
2019-01-11,266049,1.5781134302327766
2019-01-12,178141,1.6005293559596034
2019-01-13,166237,1.6731756468174956
2019-01-14,262842,1.5879284893586263
2019-01-15,289838,1.539562790248345
2019-01-16,297726,1.5301948771689404
2019-01-17,292037,1.5591671603255757
2019-01-18,281588,1.5305176356947034
2019-01-19,191288,1.6391446405420098
2019-01-20,167319,1.6602537667569135
2019-01-21,249838,1.653674781258256
2019-01-22,281211,1.549713915885225
2019-01-23,297238,1.5145718245984707
2019-01-24,308058,1.5300216193054554
2019-01-25,283065,1.551816367265468
2019-01-26,185698,1.579163480489829
2019-01-27,167263,1.6604784082552628
2019-01-28,259917,1.5232905119711286
2019-01-29,300581,1.5778116381274923
2019-01-30,301010,1.513514168964486
2019-01-31,292231,1.4799449750368718
2019-02-01,278355,1.494176501230443
2019-02-02,178131,1.5578046493872493
2019-02-03,165078,1.4929869516228689
2019-02-04,260435,1.4494710772361628
2019-02-05,293761,1.457056927229959
2019-02-06,307621,1.4376989867401788
2019-02-07,294321,1.488323972805203
2019-02-08,281703,1.5201726641178832
2019-02-09,185643,1.625317948966565
2019-02-10,168446,1.5892179095971408
2019-02-11,264546,1.5009283829655335
2019-02-12,302748,1.489755175921889
2019-02-13,308719,1.5348883612605635
2019-02-14,319343,1.5245053124696653
2019-02-15,300242,1.5767204455072907
2019-02-16,209578,1.6768568265753088
2019-02-17,168642,1.6575918217288697
2019-02-18,263543,1.5654648387549652
2019-02-19,298291,1.503620625496579
2019-02-20,316128,1.5189752252252253
2019-02-21,309652,1.5238170591502715
2019-02-22,292366,1.5959516496446244
2019-02-23,198627,1.6906070171728929
2019-02-24,184321,1.6483124549020454
2019-02-25,278517,1.4855542031545648
2019-02-26,312880,1.564702441830735
2019-02-27,331332,1.589683157678703
2019-02-28,326175,1.5096895838123718
2019-03-01,296988,1.5633941438711325
2019-03-02,191757,1.6422925890580264
2019-03-03,171748,1.6647553392179233
2019-03-04,271612,1.5693478196839605
2019-03-05,284080,1.5443185018304704
2019-03-06,294451,1.5426936909706537
2019-03-07,296020,1.5801631646510372
2019-03-08,267581,1.5963476480019136
2019-03-09,182024,1.6651710763415806
2019-03-10,165738,1.619878965596304
2019-03-11,267924,1.5016142637464345
2019-03-12,302427,1.526214259970174
2019-03-13,294897,1.595239693859212
2019-03-14,309431,1.602409907216795
2019-03-15,301345,1.8514997760042482
2019-03-16,191009,1.909459240140518
2019-03-17,173049,1.8690261139908337
2019-03-18,280305,1.7635450669806108
2019-03-19,311547,1.6182399445348534
2019-03-20,310091,1.5949401949750233
2019-03-21,294032,1.5777724873483157
2019-03-22,285005,1.5986982684514321
2019-03-23,193197,1.690413412216546
2019-03-24,170331,1.6280677034714757
2019-03-25,289545,1.6422697680844096
2019-03-26,307297,1.5616712821797805
2019-03-27,314981,1.5551084033640121
2019-03-28,302535,1.5446622704811017
2019-03-29,292487,1.4838505642985842
2019-03-30,186692,1.6484284275705439
2019-03-31,167816,1.6486699718739568
2019-04-01,253113,1.5439455895193062
2019-04-02,281455,1.5314767902506614
2019-04-03,293292,1.503120098741186
2019-04-04,298827,1.5129851050942515
2019-04-05,271815,1.5503883155822893
2019-04-06,188270,1.6220385616401967
2019-04-07,167570,1.63796861013308
2019-04-08,270643,1.5149647321379094
2019-04-09,295444,1.532997793152002
2019-04-10,298004,1.4994983288814916
2019-04-11,314832,1.5847696549270716
2019-04-12,292465,1.5830314738515727
2019-04-13,185896,1.6807521409820538
2019-04-14,162276,1.6000394389805017
2019-04-15,255930,1.5129324424647368
2019-04-16,275372,1.5292745812936692
2019-04-17,292151,1.5696475452762446
2019-04-18,279377,1.5235445294351357
2019-04-19,231311,1.6358257929800155
2019-04-20,160351,1.7407474852043332
2019-04-21,154980,1.772317718415279
2019-04-22,228806,1.6834995585780095
2019-04-23,276303,1.6398880938679627
2019-04-24,292509,1.5670940039451782
2019-04-25,295409,1.5377903178305337
2019-04-26,266291,1.5238817684412924
2019-04-27,171508,1.6715546796650882
2019-04-28,158363,1.75488087495185
2019-04-29,251187,1.6439895376751208
2019-04-30,283529,1.589043448818287
2019-05-01,275674,1.706236351632726
2019-05-02,285196,1.6418035316063329
2019-05-03,269600,1.6254554896142446
2019-05-04,177561,1.7534390998023222
2019-05-05,167588,1.8651389120939446
2019-05-06,245021,1.636149554527979
2019-05-07,284455,1.577791214779139
2019-05-08,295372,1.5580867516216839
2019-05-09,282239,1.544047775112581
2019-05-10,268922,1.5978726173388578
2019-05-11,170046,1.6864948308104866
2019-05-12,155388,1.7112923777897915
2019-05-13,266428,1.6205098563214084
2019-05-14,296582,1.5821290570567341
2019-05-15,298556,1.5710426184702375
2019-05-16,292028,1.650544125905736
2019-05-17,268678,1.6014790939340031
2019-05-18,169848,1.625028849324101
2019-05-19,152406,1.6353595002821408
2019-05-20,252791,1.627433729840066
2019-05-21,279413,1.6011746053333236
2019-05-22,289482,1.6205705363373202
2019-05-23,289960,1.5649068837080982
2019-05-24,272361,1.5194099008301485
2019-05-25,168832,1.6059005401819555
2019-05-26,158406,1.5961125209903668
2019-05-27,221590,1.5333913985288146
2019-05-28,266482,1.5413525116142928
2019-05-29,282116,1.5319443065972866
2019-05-30,283625,1.4542847069193479
2019-05-31,270229,1.5593274593030364
2019-06-01,175889,1.6398637777234508
2019-06-02,157846,1.6452498004384013
2019-06-03,253099,1.5614301123275869
2019-06-04,280757,1.5435668567480079
2019-06-05,282574,1.5394785082845557
2019-06-06,286926,1.507601960087271
2019-06-07,257682,1.5449181549351525
2019-06-08,169036,1.5371926690172513
2019-06-09,152161,1.590782789282404
2019-06-10,243264,1.572923654959222
2019-06-11,276695,1.5306210809736345
2019-06-12,292999,1.520861845944867
2019-06-13,295851,1.582601377044526
2019-06-14,272757,1.5730544037366603
2019-06-15,173625,1.6268348452123826
2019-06-16,156013,1.629643683539192
2019-06-17,245215,1.5824680382521474
2019-06-18,285018,1.5518718116048817
2019-06-19,298575,1.5583417901699748
2019-06-20,292668,1.6354032555660354
2019-06-21,274010,1.6994730119338706
2019-06-22,176569,1.7376396762738648
2019-06-23,160547,1.7126280777591605
2019-06-24,258015,1.660871267174391
2019-06-25,287935,1.5498240922430417
2019-06-26,300166,1.5246800103942484
2019-06-27,298544,1.530132911731605
2019-06-28,290714,1.5095224172210493
2019-06-29,185448,1.4918203485613206
2019-06-30,168460,1.558934465154933
2019-07-01,254800,1.5916616954474112
2019-07-02,273410,1.5722010899381893
2019-07-03,274090,1.5969827428946712
2019-07-04,243909,1.5252622904443862
2019-07-05,229891,1.5473524409394022
2019-07-06,152440,1.5657045394909468
2019-07-07,149710,1.5515369714781915
2019-07-08,245514,1.4881945632428293
2019-07-09,270518,1.4924463436813824
2019-07-10,278215,1.505551102564564
2019-07-11,276182,1.5449373963545783
2019-07-12,255596,1.5301287970077777
2019-07-13,168189,1.7323748877750627
2019-07-14,148392,1.6505674160332082
2019-07-15,240249,1.5334095043059486
2019-07-16,271030,1.54180570416559
2019-07-17,283935,1.6160793843661407
2019-07-18,277064,1.6082843675107559
2019-07-19,255933,1.637985722825896
2019-07-20,172041,1.6469318360158334
2019-07-21,156195,1.6344121130637976
2019-07-22,243808,1.6196211773198597
2019-07-23,274446,1.613817654474833
2019-07-24,282254,1.55887781926917
2019-07-25,272333,1.6045914376884192
2019-07-26,238618,1.5583484900552336
2019-07-27,160436,1.6674568052058143
2019-07-28,150801,1.6940617104661106
2019-07-29,239155,1.6664535552256914
2019-07-30,261770,1.6804866867861104
2019-07-31,270994,1.5961810962604348
2019-08-01,268354,1.64255982769029
2019-08-02,247815,1.6413292173597236
2019-08-03,159495,1.7668566412740208
2019-08-04,153190,1.9853658855016647
2019-08-05,233067,1.849942291272467
2019-08-06,265331,1.798013047853436
2019-08-07,269616,1.728923357664234
2019-08-08,260008,1.7341566413341132
2019-08-09,247907,1.6817153206646056
2019-08-10,160144,1.817586047557199
2019-08-11,140358,1.8308703458299493
2019-08-12,211869,1.6626424819109928
2019-08-13,231191,1.6553546634600829
2019-08-14,247470,1.6881581605851235
2019-08-15,248306,1.6822110621571778
2019-08-16,243614,1.6621027527153607
2019-08-17,162986,1.7271734995643788
2019-08-18,152840,1.7279278984559006
2019-08-19,247391,1.596120715789985
2019-08-20,268950,1.5570849600297456
2019-08-21,287969,1.5348075660921845
2019-08-22,275480,1.5281958762886598
2019-08-23,255974,1.5605624008688388
2019-08-24,177263,1.6455645002059085
2019-08-25,164735,1.726279175645735
2019-08-26,246471,1.5820891707340825
2019-08-27,269484,1.5652012735449978
2019-08-28,274989,1.564090563622545
2019-08-29,273767,1.5455566229677054
2019-08-30,255402,1.5541714630269141
2019-08-31,165066,1.7573594804502444
2019-09-01,158783,1.910875849429725
2019-09-02,215864,1.6794379794685554
2019-09-03,255957,1.5887793652840125
2019-09-04,278153,1.5488468576646672
2019-09-05,278454,1.5019877609946357
2019-09-06,258616,1.4795206019735823
2019-09-07,170573,1.5085189332426574
2019-09-08,155055,1.5541124117248715
2019-09-09,250808,1.5060384836209373
2019-09-10,276837,1.5453028316301662
2019-09-11,283788,1.5355666906282146
2019-09-12,275787,1.49998150746772
2019-09-13,258868,1.4743297742478803
2019-09-14,165170,1.6089029484773267
2019-09-15,155373,1.654679384449035
2019-09-16,260687,1.5513681157863641
2019-09-17,275130,1.565449423908698
2019-09-18,287616,1.5404810580774364
2019-09-19,282087,1.5058684023014182
2019-09-20,269568,1.5301415598290597
2019-09-21,172582,1.5785064491082492
2019-09-22,161047,1.515513483641421
2019-09-23,276937,1.3866521988755565
2019-09-24,301305,1.3938275169678562
2019-09-25,305432,1.3776663872809665
2019-09-26,291927,1.4072182429168942
2019-09-27,279539,1.4693749351611047
2019-09-28,174322,1.5440219823086019
2019-09-29,150445,1.5987390740802276
2019-09-30,240056,1.5382281634285329
2019-10-01,268606,1.5405597790071701
2019-10-02,282769,1.509607488798277
2019-10-03,282116,1.5116643508344085
2019-10-04,264594,1.514761483631526
2019-10-05,166942,1.573512956595704
2019-10-06,150806,1.5946613529965648
2019-10-07,253423,1.5833554965413559
2019-10-08,275688,1.560120498534577
2019-10-09,291967,1.640858384680462
2019-10-10,303037,1.6373201952236862
2019-10-11,286318,1.673506381016912
2019-10-12,179455,1.7627410771502612
2019-10-13,167104,1.7208588663347368
2019-10-14,255299,1.7146604569543946
2019-10-15,290412,1.6490386072200875
2019-10-16,306693,1.577859292517273
2019-10-17,293635,1.532872103121223
2019-10-18,274537,1.603388250035515
2019-10-19,175213,1.654980509437085
2019-10-20,153347,1.6535445753748022
2019-10-21,246451,1.5209063870708588
2019-10-22,280804,1.4834389823506775
2019-10-23,291509,1.5300628797052587
2019-10-24,280031,1.537994007806279
2019-10-25,256415,1.5457360138837442
2019-10-26,166724,1.636963484561311
2019-10-27,155924,1.8904299530540531
2019-10-28,239951,1.64061370863218
2019-10-29,267678,1.5929045345527069
2019-10-30,266160,1.579946272918546
2019-10-31,259221,1.5710621438849477
2019-11-01,231421,1.583268156303879
2019-11-02,161376,1.6884629684711487
2019-11-03,143689,1.6377433206438894
2019-11-04,236780,1.5950430779626656
2019-11-05,262683,1.581459782323181
2019-11-06,274414,1.596224318001269
2019-11-07,270658,1.5381211713675569
2019-11-08,255346,1.5461154668567354
2019-11-09,166548,1.5488111535413218
2019-11-10,145874,1.5815066427190574
2019-11-11,238252,1.5604637106928794
2019-11-12,273587,1.5905419482650849
2019-11-13,274501,1.5908204341696386
2019-11-14,277129,1.6186858827477462
2019-11-15,258321,1.583575086810596
2019-11-16,166170,1.7782608172353622
2019-11-17,147313,1.6684813967538505
2019-11-18,238526,1.5944261841476401
2019-11-19,271242,1.5851888719298621
2019-11-20,282003,1.5928139062350402
2019-11-21,279516,1.527079666280285
2019-11-22,253875,1.5368905957656327
2019-11-23,167044,1.5996120782548309
2019-11-24,144607,1.6150995456651465
2019-11-25,232925,1.5609453686809063
2019-11-26,257876,1.605732212381145
2019-11-27,255570,1.5753104824509925
2019-11-28,224288,1.5655478670281069
2019-11-29,207733,1.5462978920056027
2019-11-30,144778,1.6653904598765004
2019-12-01,140668,1.7132816276622964
2019-12-02,230730,1.5715763013045545
2019-12-03,270349,1.4910855967656624
2019-12-04,280388,1.5100981497068346
2019-12-05,264567,1.559286305548312
2019-12-06,248503,1.6449918109640538
2019-12-07,166756,1.7437081724195826
2019-12-08,145524,1.6636712844616695
2019-12-09,240533,1.4807302948036238
2019-12-10,275780,1.4792468634418743
2019-12-11,266237,1.6208021424520267
2019-12-12,262502,1.595227845883079
2019-12-13,248688,1.556812954384611
2019-12-14,152713,1.6874863305677965
2019-12-15,139180,1.6520721368012639
2019-12-16,223261,1.6529295309077712
2019-12-17,250965,1.6433638156715082
2019-12-18,256219,1.6109808406090107
2019-12-19,255488,1.6309227830661321
2019-12-20,240791,1.6463414330269814
2019-12-21,158915,1.7678670987634897
2019-12-22,137409,1.697632615039772
2019-12-23,204308,1.66966540713041
2019-12-24,184468,1.6713701021315337
2019-12-25,130581,1.6437965707109004
2019-12-26,160091,1.7421772616824183
2019-12-27,173911,1.7720966471356043
2019-12-28,132375,1.8355542965061369
2019-12-29,131010,1.8484962979925197
2019-12-30,195657,1.8809498254598607
2019-12-31,196689,1.8966220785097292
2020-01-01,5565,3.3537646001796935
2020-01-02,4221,2.921961620469082
2020-01-03,4624,2.190527681660899
2020-01-04,3979,2.358230711233978
2020-01-05,84367,2.305217679898535
2020-01-06,242803,1.9588757140562456
2020-01-07,273997,1.8440990229819987
2020-01-08,310685,2.0839123227706553
2020-01-09,292074,1.8749392277299552
2020-01-10,275635,1.9138491120503516
2020-01-11,189005,1.9379159281500449
2020-01-12,170050,1.865055571890617
2020-01-13,257506,1.7071396394647074
2020-01-14,271346,1.6692086855896116
2020-01-15,267091,1.636052880853338
2020-01-16,281747,1.5378733402662639
2020-01-17,259355,1.6046276339380345
2020-01-18,168825,1.6600065156226826
2020-01-19,157784,1.5763708614308134
2020-01-20,234039,1.5156717470165193
2020-01-21,262927,1.4883507589559037
2020-01-22,279295,1.4862510965108537
2020-01-23,278483,1.4788884779322213
2020-01-24,263692,1.496394278173016
2020-01-25,170335,1.5470496374790816
2020-01-26,150546,1.532648492819468
2020-01-27,236391,1.5182185446992447
2020-01-28,278001,1.491063341498767
2020-01-29,287273,1.4810932457975456
2020-01-30,280583,1.4774398306383443
2020-01-31,271827,1.4774860481114773
2020-02-01,179360,1.5258084299732346
2020-02-02,160933,1.5561817650823604
2020-02-03,251598,1.5441350885142124
2020-02-04,274392,1.502715822618731
2020-02-05,284390,1.5243507155666474
2020-02-06,278046,1.588705825654744
2020-02-07,258132,1.5515244138657702
2020-02-08,168059,1.5817474815392174
2020-02-09,147390,1.6516642920143796
2020-02-10,232497,1.5816526664860158
2020-02-11,267556,1.5415841917206072
2020-02-12,276956,1.5372041046231126
2020-02-13,274602,1.501877262365164
2020-02-14,256526,1.544150300554325
2020-02-15,172598,1.5806092770483982
2020-02-16,150222,1.5938657453635248
2020-02-17,221570,1.5092751726316695
2020-02-18,258575,1.5545114570240697
2020-02-19,266962,1.5338021890755942
2020-02-20,277279,1.6344934163784446
2020-02-21,259475,1.5539697466037143
2020-02-22,166720,1.5674070297504765
2020-02-23,145729,1.5630993144809842
2020-02-24,228848,1.6410254841641567
2020-02-25,264432,1.6156675440188732
2020-02-26,273530,1.5297744305926173
2020-02-27,272603,1.5893669548757665
2020-02-28,271767,1.5934068521932343
2020-02-29,185576,1.5131757339311076
2020-03-01,173001,1.5567857989260137
2020-03-02,260835,1.5119677190561036
2020-03-03,283723,1.4289927147252728
2020-03-04,286792,1.4458844737649539
2020-03-05,286453,1.4859317235288116
2020-03-06,259060,1.4629379294371911
2020-03-07,167531,1.499970154777321
2020-03-08,151150,1.4642970559047268
2020-03-09,232005,1.4150686407620479
2020-03-10,254805,1.3666753007201533
2020-03-11,264625,1.4322150212564904
2020-03-12,254790,1.4765194866360483
2020-03-13,233683,1.46175417124908
2020-03-14,159211,1.456253022718276
2020-03-15,150800,1.4239675066312967
2020-03-16,210901,1.4391899516834865
2020-03-17,240160,1.4099758494337058
2020-03-18,250178,1.3905783082445238
2020-03-19,241972,1.3385437158018225
2020-03-20,226901,1.3662447499129522
2020-03-21,152039,1.354003906892308
2020-03-22,142815,1.3807093092462246
2020-03-23,213488,1.3380068200554545
2020-03-24,224511,1.2973097086556953
2020-03-25,230561,1.3312819600886476
2020-03-26,233849,1.337905657069299
2020-03-27,219852,1.2995669814238615
2020-03-28,151055,1.33133693025719
2020-03-29,139520,1.387839019495429
2020-03-30,205755,1.3551879662705912
2020-03-31,232315,1.3296898607494416
2020-04-01,227966,1.321829571076417
2020-04-02,231660,1.349840283173645
2020-04-03,219188,1.3243106374436848
2020-04-04,149316,1.3405830587479086
2020-04-05,132725,1.3898655113957588
2020-04-06,197784,1.3719021761113388
2020-04-07,215280,1.3598193050910712
2020-04-08,216148,1.32095277309994
2020-04-09,213653,1.321471732201305
2020-04-10,188645,1.3544822285245006
2020-04-11,135984,1.3776664901753302
2020-04-12,124226,1.3623339719543537
2020-04-13,177474,1.3628987908088164
2020-04-14,205804,1.3452794892227806
2020-04-15,214916,1.3354436151798907
2020-04-16,215412,1.3204528995599383
2020-04-17,207873,1.3037441129920928
2020-04-18,146377,1.349040491334038
2020-04-19,130022,1.4359692975035117
2020-04-20,195626,1.4464381012749068
2020-04-21,213741,1.3889136852546082
2020-04-22,219838,1.3793124937454204
2020-04-23,220967,1.3639063751601177
2020-04-24,211979,1.3606777086409774
2020-04-25,138849,1.360730001656491
2020-04-26,125125,1.3840271728271856
2020-04-27,192891,1.3947618084825337
2020-04-28,211284,1.3642490676057122
2020-04-29,216286,1.3999019816354514
2020-04-30,220927,1.3950363694795365
2020-05-01,193023,1.458673318723698
2020-05-02,133078,1.5119576488976498
2020-05-03,128987,1.5713381968725635
2020-05-04,192857,1.483699839777679
2020-05-05,213517,1.4513256555684315
2020-05-06,220751,1.4306594307613787
2020-05-07,220151,1.4423309455782845
2020-05-08,218142,1.4404608007628272
2020-05-09,144471,1.4942694381571513
2020-05-10,126313,1.5295796948849385
2020-05-11,187973,1.484287105062981
2020-05-12,215694,1.4620874943206792
2020-05-13,228278,1.4558691595335733
2020-05-14,222635,1.4127266602286483
2020-05-15,204776,1.4350177755205897
2020-05-16,139671,1.4791524367979125
2020-05-17,125835,1.5725163905113928
2020-05-18,196565,1.484995802915088
2020-05-19,216615,1.4404653417353597
2020-05-20,226591,1.4176851684312506
2020-05-21,237568,1.4356116985452638
2020-05-22,205423,1.4510166826499473
2020-05-23,135889,1.4663718181751277
2020-05-24,123194,1.4736472555481601
2020-05-25,158486,1.5143085193644874
2020-05-26,198993,1.4485680400818133
2020-05-27,217551,1.492241359497314
2020-05-28,222952,1.5277943234418183
2020-05-29,216239,1.7003024431300564
2020-05-30,154265,1.9841610216186432
2020-05-31,148626,2.1487673758292627
2020-06-01,214554,2.008996336586594
2020-06-02,238199,1.8994387046125303
2020-06-03,253914,1.8509203903683924
2020-06-04,252457,1.8115952419619985
2020-06-05,236842,1.7565841362596166
2020-06-06,163255,1.9203203577225825
2020-06-07,143832,1.9692293787196178
2020-06-08,213279,1.7783752737025227
2020-06-09,233880,1.6393188814776811
2020-06-10,238762,1.6552169105636587
2020-06-11,231748,1.6374234081847534
2020-06-12,226496,1.6296358434586053
2020-06-13,149862,1.7443748248388524
2020-06-14,137660,1.7917383408397514
2020-06-15,214470,1.6579642840490514
2020-06-16,238028,1.644735493303309
2020-06-17,248768,1.6278315538976074
2020-06-18,247128,1.5950086594801078
2020-06-19,230733,1.5763449528242601
2020-06-20,151559,1.6836439934283025
2020-06-21,131656,1.682837090599746
2020-06-22,206380,1.5706013179571674
2020-06-23,233940,1.5876887236043433
2020-06-24,235427,1.5469725222680497
2020-06-25,232119,1.5053114997048944
2020-06-26,220057,1.5837005866661829
2020-06-27,147533,1.660358699409624
2020-06-28,130806,1.7261669953977645
2020-06-29,205378,1.6723246891098373
2020-06-30,236382,1.5489576194464898
2020-07-01,237746,1.5362479284614685
2020-07-02,235001,1.564520150978082
2020-07-03,205120,1.5755601599063975
2020-07-04,136205,1.6483961675415744
2020-07-05,121918,1.6620818911071384
2020-07-06,196764,1.6326253786261733
2020-07-07,224587,1.5767622346796573
2020-07-08,237516,1.5468726317384947
2020-07-09,232912,1.5662366043827718
2020-07-10,218783,1.573906564952488
2020-07-11,144276,1.6418385594277642
2020-07-12,127509,1.7022414104102455
2020-07-13,203523,1.6320219336389499
2020-07-14,230786,1.608143908209337
2020-07-15,231269,1.57627481417743
2020-07-16,228678,1.5653792669168005
2020-07-17,213262,1.5906743817463966
2020-07-18,142522,1.7236054784524495
2020-07-19,128691,1.6631388364376694
2020-07-20,203325,1.6035967047829833
2020-07-21,224779,1.5979424234470319
2020-07-22,234736,1.5897876763683465
2020-07-23,232052,1.5546304276627658
2020-07-24,215988,1.5618113043317234
2020-07-25,140986,1.6653483324585427
2020-07-26,129031,1.6846548503847922
2020-07-27,203973,1.611853039372859
2020-07-28,219540,1.542643709574566
2020-07-29,219306,1.5246327049875523
2020-07-30,217431,1.543273958175238
2020-07-31,199180,1.5831860628577172
2020-08-01,128309,1.625175163082871
2020-08-02,114304,1.6901823208286673
2020-08-03,186103,1.636610371675901
2020-08-04,206870,1.5626156523420511
2020-08-05,216885,1.5065481706895363
2020-08-06,226294,1.496257523398765
2020-08-07,211580,1.556800737309766
2020-08-08,138960,1.6275417386298212
2020-08-09,126788,1.6975951982837498
2020-08-10,199950,1.6416524131032768
2020-08-11,224660,1.586909107095166
2020-08-12,225586,1.5306681265681388
2020-08-13,231474,1.4776212447186312
2020-08-14,225790,1.4575849240444667
2020-08-15,151954,1.463821288021375
2020-08-16,131818,1.5768946577857366
2020-08-17,206957,1.5582860207675995
2020-08-18,228988,1.5038277114957999
2020-08-19,234055,1.5188489884856127
2020-08-20,232822,1.5405941019319482
2020-08-21,212218,1.5675329142674048
2020-08-22,136672,1.623453962772185
2020-08-23,125745,1.687313213249036
2020-08-24,203085,1.5698919171775374
2020-08-25,227006,1.5986145740641233
2020-08-26,230813,1.644135295672255
2020-08-27,229461,1.622720636622347
2020-08-28,212811,1.675471192748496
2020-08-29,136633,1.7506341806152246
2020-08-30,129796,1.7426916083700579
2020-08-31,199887,1.6091306588222352
2020-09-01,226132,1.5849211964693197
2020-09-02,238099,1.5594798802178937
2020-09-03,232545,1.5352658625212336
2020-09-04,219824,1.5460459276512128
2020-09-05,139836,1.6233244658027979
2020-09-06,129936,1.6827645917990401
2020-09-07,183052,1.5953936586325201
2020-09-08,218206,1.5645051006846753
2020-09-09,234760,1.566212727892316
2020-09-10,232838,1.5638233449866437
2020-09-11,229028,1.5306621897759234
2020-09-12,154835,1.5978958245874642
2020-09-13,132335,1.6365368194355239
2020-09-14,213233,1.5435790895405492
2020-09-15,238382,1.493840977926186
2020-09-16,236585,1.5078703214489513
2020-09-17,228899,1.5015814835364079
2020-09-18,212228,1.5001814086736913
2020-09-19,144620,1.5636212142165675
2020-09-20,126998,1.6338721869635744
2020-09-21,205910,1.5458467291535145
2020-09-22,223724,1.4983305322629674
2020-09-23,240218,1.5075960169512705
2020-09-24,227931,1.6078449179795655
2020-09-25,203739,1.6324626114784122
2020-09-26,121864,1.6980470032167005
2020-09-27,138057,1.8675605003730336
2020-09-28,195084,1.7024143445900233
2020-09-29,218789,1.6328362029169656
2020-09-30,217193,1.5670956246287864
2020-10-01,226318,1.5771547115121207
2020-10-02,202447,1.5450957534564616
2020-10-03,111817,1.6153321945679089
2020-10-04,103806,1.7384120378398171
2020-10-05,169851,1.5895196378001897
2020-10-06,190840,1.5420121567805503
2020-10-07,187032,1.593510736130715
2020-10-08,194233,1.5613881266314171
2020-10-09,127497,1.574847251307874
2020-10-10,148166,1.6056409702630834
2020-10-11,120427,1.6843465335846624
2020-10-12,160958,1.5519296959455273
2020-10-13,163338,1.5615766080152818
2020-10-14,178624,1.548598732533143
2020-10-15,156966,1.536798414943364
2020-10-16,76329,1.5458567516933275
2020-10-17,115483,1.7327494090039224
2020-10-18,116172,1.7225725648176837
2020-10-19,146962,1.5576332657421652
2020-10-20,153970,1.5353997531986752
2020-10-21,159716,1.576220291016555
2020-10-22,139794,1.5229795270183266
2020-10-23,102646,1.5658408510804116
2020-10-24,79396,1.6071124489898734
2020-10-25,98047,1.6546411414933653
2020-10-26,136426,1.641201823699295
2020-10-27,136740,1.681860465116279
2020-10-28,153751,1.618189149989269
2020-10-29,113546,1.6765319782290886
2020-10-30,74138,1.7110510129758019
2020-10-31,51970,1.6385568597267655
2020-11-01,71584,1.745701553419758
2020-11-02,129596,1.7226079508626801
2020-11-03,99348,1.7068033578934652
2020-11-04,138492,1.623847586864223
2020-11-05,103967,1.5852087681668217
2020-11-06,50251,1.6315436508726189
2020-11-07,34778,1.567007878543907
2020-11-08,55307,1.4440360171406879
2020-11-09,118155,1.4581845880411317
2020-11-10,117629,1.463105186646151
2020-11-11,112271,1.4365864738000018
2020-11-12,99792,1.425683421516755
2020-11-13,33145,1.4184492381958063
2020-11-14,24682,1.6408516327688205
2020-11-15,39025,1.5668853299167205
2020-11-16,95746,1.4415453387086656
2020-11-17,95721,1.439925408217632
2020-11-18,237320,1.4806645036238002
2020-11-19,234036,1.4665790733049622
2020-11-20,213096,1.5069602432706393
2020-11-21,143061,1.576431731918552
2020-11-22,123599,1.6253723735628922
2020-11-23,190387,1.4603560117024805
2020-11-24,213376,1.465978366826635
2020-11-25,208572,1.475116506530119
2020-11-26,186476,1.4926221068662995
2020-11-27,174137,1.541201467809828
2020-11-28,129593,1.6977907757363448
2020-11-29,119301,1.7071784813203583
2020-11-30,186857,1.5609578447689951
2020-12-01,204341,1.5062865504230678
2020-12-02,207442,1.4566842780150597
2020-12-03,208785,1.48496539502359
2020-12-04,195574,1.5119985274116192
2020-12-05,130097,1.605146928830026
2020-12-06,117041,1.5571756905699714
2020-12-07,186750,1.510944042838019
2020-12-08,210292,1.4719128640176524
2020-12-09,210071,1.4402259236163009
2020-12-10,215882,1.4692776609444052
2020-12-11,200715,1.4841735794534545
2020-12-12,138880,1.5633770161290326
2020-12-13,122306,1.6399048288718456
2020-12-14,187298,1.5122131576418327
2020-12-15,210525,1.4869834936468356
2020-12-16,208449,1.4942930884772767
2020-12-17,205585,1.4815905829705478
2020-12-18,190148,1.494420135894145
2020-12-19,126382,1.5334129860264898
2020-12-20,116652,1.6182157185474753
2020-12-21,184263,1.596723162002138
2020-12-22,193294,1.565882024273905
2020-12-23,193307,1.551223183847455
2020-12-24,163026,1.5428459264166454
2020-12-25,104969,1.5738560908458687
2020-12-26,95877,1.6695338819529184
2020-12-27,99653,1.6149980432099376
2020-12-28,143057,1.6119330057249908
2020-12-29,162539,1.5943275152424958
2020-12-30,172632,1.584594976597618
2020-12-31,153491,1.5806386042178369
2021-01-01,109032,1.7070859931029414
2021-01-02,99512,1.7777031915748844
2021-01-03,105929,1.7909269416307148
2021-01-04,170333,1.6937545866038877
2021-01-05,192867,1.5532548336418364
2021-01-06,197511,1.6603252477077226
2021-01-07,215380,1.8529984213947457
2021-01-08,196290,1.7186540322991481
2021-01-09,130199,1.6962457468951382
2021-01-10,118687,1.7113331704398977
2021-01-11,183022,1.562281037252353
2021-01-12,205722,1.558107057096471
2021-01-13,212203,1.6138409918804162
2021-01-14,203884,1.5763895156069145
2021-01-15,196771,1.5738818220164557
2021-01-16,129869,1.6426860913689951
2021-01-17,120764,1.6741172866085927
2021-01-18,178148,1.582952938006601
2021-01-19,199921,1.5305495670789966
2021-01-20,214033,1.4251662126868285
2021-01-21,208628,1.4374911325421331
2021-01-22,195335,1.5143189904523002
2021-01-23,132098,1.605179487955911
2021-01-24,120363,1.661213163513704
2021-01-25,187827,1.5677889760258108
2021-01-26,208848,1.5371911629510462
2021-01-27,215769,1.489605086921662
2021-01-28,211535,1.5404486255229637
2021-01-29,199520,1.5388597634322374
2021-01-30,132756,1.5865181234746446
2021-01-31,117821,1.6171904838695998
2021-02-01,190629,1.5524962099155954
2021-02-02,208038,1.5463093281035203
2021-02-03,214588,1.5087982552612453
2021-02-04,215441,1.5594510794138534
2021-02-05,204141,1.5549262519533071
2021-02-06,132238,1.6026459867814091
2021-02-07,119629,1.5628685352213922
2021-02-08,182256,1.5313361425686953
2021-02-09,206969,1.509779725466132
2021-02-10,208892,1.5455488960802717
2021-02-11,204730,1.5598583500219807
2021-02-12,189454,1.5266138482164537
2021-02-13,132093,1.6233767118620972
2021-02-14,121472,1.6799262381454172
2021-02-15,172300,1.5979727219965179
2021-02-16,196514,1.5723551502691928
2021-02-17,207602,1.5291239968786434
2021-02-18,205148,1.5071835942831524
2021-02-19,203701,1.477488573939254
2021-02-20,135928,1.581428403272321
2021-02-21,119466,1.596789044581722
2021-02-22,186433,1.5631867748735473
2021-02-23,211418,1.5658723476714391
2021-02-24,214954,1.5550973696697907
2021-02-25,211011,1.5606210102790854
2021-02-26,216411,1.7251096293626484
2021-02-27,139128,1.7994451152895186
2021-02-28,121663,1.781070662403525
2021-03-01,189840,1.6108022545301313
2021-03-02,213043,1.62334552179607
2021-03-03,218718,1.617491473038342
2021-03-04,209408,1.5914344246638157
2021-03-05,196636,1.5700415997070736
2021-03-06,134702,1.5753336995738745
2021-03-07,120685,1.69226415876041
2021-03-08,180899,1.6121924388747322
2021-03-09,202736,1.5268709060058396
2021-03-10,212979,1.5001845252348824
2021-03-11,210284,1.4976888398546733
2021-03-12,198805,1.5485656799376284
2021-03-13,130028,1.6421878364659928
2021-03-14,118190,1.6684702597512475
2021-03-15,194105,1.6013394812086248
2021-03-16,213540,1.498413412007119
2021-03-17,217975,1.534039683449938
2021-03-18,219253,1.5145571554323105
2021-03-19,209017,1.5719285991091634
2021-03-20,132210,1.6456546403449068
2021-03-21,118150,1.7129411764705877
2021-03-22,190967,1.6148669665439597
2021-03-23,213228,1.6508648019959864
2021-03-24,216385,1.5917434202925351
2021-03-25,214999,1.5671668240317396
2021-03-26,208665,1.613507775621212
2021-03-27,134232,1.6667508492758796
2021-03-28,117692,1.7142074227645037
2021-03-29,178874,1.6354875498954566
2021-03-30,204842,1.5941467081946097
2021-03-31,209952,1.5833247599451303
2021-04-01,197558,1.5591294708389447
2021-04-02,173054,1.607193130467946
2021-04-03,113846,1.6644853574126446
2021-04-04,106712,1.594899355274009
2021-04-05,157802,1.5832068034625668
2021-04-06,197308,1.563912765828046
2021-04-07,207452,1.5098977112777903
2021-04-08,209602,1.564314271810385
2021-04-09,204817,1.527197449430468
2021-04-10,131039,1.5948694663420817
2021-04-11,121553,1.5853142250705448
2021-04-12,191113,1.593382972377599
2021-04-13,208503,1.6144559071092506
2021-04-14,217141,1.5955775279657012
2021-04-15,219209,1.5655680195612418
2021-04-16,200371,1.5852483642842532
2021-04-17,131216,1.6485184733569078
2021-04-18,122064,1.752221785292961
2021-04-19,189345,1.6606828804563103
2021-04-20,211446,1.661239749155813
2021-04-21,216058,1.7292259485878796
2021-04-22,220409,1.631196094533345
2021-04-23,200259,1.597845290348999
2021-04-24,135271,1.7289966068115117
2021-04-25,119227,1.7878794232849948
2021-04-26,193310,1.6392757746624607
2021-04-27,209050,1.652125807223153
2021-04-28,212655,1.5780654111118961
2021-04-29,202413,1.5569612623695122
2021-04-30,187861,1.5694758358573633
2021-05-01,122682,1.67220130092434
2021-05-02,111906,1.6948286955123044
2021-05-03,167495,1.5889710140601205
2021-05-04,185833,1.5461893205189605
2021-05-05,205386,1.5847633236929486
2021-05-06,206743,1.5771232883338249
2021-05-07,191685,1.563600699063568
2021-05-08,126535,1.6900193622317936
2021-05-09,114861,1.7799575138645833
2021-05-10,180507,1.7758956716360041
2021-05-11,207115,1.862745817540981
2021-05-12,218011,1.8606308855975164
2021-05-13,201956,1.7406459822931735
2021-05-14,193772,1.8153484507565603
2021-05-15,134371,1.9724605755706226
2021-05-16,127623,1.9996466154219847
2021-05-17,193467,1.7132668620488256
2021-05-18,211849,1.743387979173847
2021-05-19,229190,1.7027850255246741
2021-05-20,224059,1.596725416073446
2021-05-21,202533,1.6302158166817264
2021-05-22,130196,1.683224523026821
2021-05-23,116394,1.674840627523756
2021-05-24,190758,1.6088326570838447
2021-05-25,219479,1.5818907503679178
2021-05-26,217447,1.5605775200393666
2021-05-27,212942,1.567508053836257
2021-05-28,198517,1.5989033684772598
2021-05-29,122917,1.6872214583824856
2021-05-30,115428,1.6836997955435424
2021-05-31,160433,1.567664383262795
2021-06-01,187265,1.5430988171842046
2021-06-02,199355,1.5136791151463478
2021-06-03,200579,1.4796603831906636
2021-06-04,190412,1.4836517656450234
2021-06-05,119639,1.6077825792592715
2021-06-06,115231,1.6808619208372746
2021-06-07,179164,1.519198053180326
2021-06-08,198545,1.4792173059004257
2021-06-09,207687,1.4796602579843703
2021-06-10,210005,1.4547196495321546
2021-06-11,195924,1.4562611012433384
2021-06-12,124649,1.493105440075733
2021-06-13,119543,1.4847912466643802
2021-06-14,187619,1.398466573214866
2021-06-15,202544,1.4780289714827397
2021-06-16,202438,1.4747833904701686
2021-06-17,196775,1.4821196798373777
2021-06-18,180246,1.5198767240327107
2021-06-19,114134,1.5322515639511436
2021-06-20,109527,1.536059601742036
2021-06-21,175080,1.4622458304774952
2021-06-22,191092,1.5199610658740295
2021-06-23,205988,1.559128201642815
2021-06-24,206718,1.5381287551156648
2021-06-25,191792,1.5296315800450493
2021-06-26,121935,1.670750809857711
2021-06-27,108285,1.6055926490280292
2021-06-28,174533,1.6202483198019855
2021-06-29,188366,1.5490964399095386
2021-06-30,193739,1.5466271633486288
2021-07-01,188743,1.5136767986097497
2021-07-02,174501,1.5395705468736567
2021-07-03,112546,1.6832672862651725
2021-07-04,103569,1.6950042966524734
2021-07-05,150218,1.5797294598516822
2021-07-06,179384,1.5450592026044692
2021-07-07,193999,1.632888829323863
2021-07-08,195085,1.6194238408898696
2021-07-09,182724,1.6550737724655775
2021-07-10,118470,1.7105604794462732
2021-07-11,104307,1.6819417680500826
2021-07-12,174072,1.6247351670573094
2021-07-13,194911,1.5746720297982155
2021-07-14,203319,1.6134925904612951
2021-07-15,198730,1.562666431842199
2021-07-16,184370,1.5956364918370674
2021-07-17,120671,1.6124180623347786
2021-07-18,108235,1.6469284427403328
2021-07-19,170268,1.5919280193577192
2021-07-20,180979,1.5888335110703449
2021-07-21,180629,1.5538042064120388
2021-07-22,179429,1.610214625283539
2021-07-23,164997,1.5925689557991958
2021-07-24,108218,1.6822358572511051
2021-07-25,98467,1.7044938913544627
2021-07-26,163444,1.6281374660434154
2021-07-27,176247,1.6186414520530847
2021-07-28,186838,1.5328889198128854
2021-07-29,177748,1.5161537682561834
2021-07-30,154511,1.6058183559746562
2021-07-31,93647,1.7187736926970423
2021-08-01,91762,1.7895643076654824
2021-08-02,141283,1.6086719562863192
2021-08-03,160178,1.5857595924533958
2021-08-04,167122,1.5751792103971958
2021-08-05,165918,1.5993502814643379
2021-08-06,152539,1.714355672975436
2021-08-07,81799,1.7955390652697472
2021-08-08,80314,1.854276962920536
2021-08-09,135683,1.6883647914624522
2021-08-10,151366,1.619159520632108
2021-08-11,158868,1.602888561573126
2021-08-12,156400,1.6166585677749319
2021-08-13,144106,1.6526667869484917
2021-08-14,82178,1.7206843680790467
2021-08-15,78374,1.5642177252660325
2021-08-16,137531,1.6200143967541825
2021-08-17,145594,1.5007266782971787
2021-08-18,147284,1.5154212270171876
2021-08-19,190367,1.5355045779993333
2021-08-20,185216,1.5314983586731121
2021-08-21,127811,1.558893209504656
2021-08-22,121662,1.5178297249757498
2021-08-23,181859,1.5081810633512724
2021-08-24,199629,1.4807618131634133
2021-08-25,204727,1.4586512770665279
2021-08-26,198814,1.6143571378273107
2021-08-27,189940,1.6570748657470729
2021-08-28,128988,1.7306826991658095
2021-08-29,116026,1.7220864289038635
2021-08-30,169888,1.5918122527782965
2021-08-31,192941,1.4748892148376922
2021-09-01,196848,1.4271803625132038
2021-09-02,191914,1.4759413070437757
2021-09-03,177659,1.5276878739607858
2021-09-04,114827,1.5410800595678698
2021-09-05,108725,1.644166475051734
2021-09-06,152911,1.5603475224149959
2021-09-07,179895,1.5244259151171478
2021-09-08,190497,1.4712095203598965
2021-09-09,192413,1.4426795486791393
2021-09-10,184081,1.491675947001587
2021-09-11,129955,1.6458781886037441
2021-09-12,113401,1.5135580814983973
2021-09-13,175131,1.4791698785480536
2021-09-14,193096,1.4378412810208347
2021-09-15,201568,1.4815620535005507
2021-09-16,200824,1.4686322351910084
2021-09-17,194225,1.4651095379070622
2021-09-18,129009,1.560372532148917
2021-09-19,113141,1.5367974474328465
2021-09-20,184093,1.4728104816587235
2021-09-21,198175,1.4167654850510873
2021-09-22,209214,1.341237202099282
2021-09-23,203754,1.3556651648556552
2021-09-24,199542,1.4699737398642851
2021-09-25,148140,1.5353375185635174
2021-09-26,155531,1.636730298139917
2021-09-27,216209,1.5508901109574493
2021-09-28,220493,1.5312758228152321
2021-09-29,212716,1.4935246995994615
2021-09-30,209893,1.5374719499935638
2021-10-01,190569,1.5243093052909926
2021-10-02,128356,1.5802027174421112
2021-10-03,117938,1.6205175600739334
2021-10-04,174747,1.537846143281425
2021-10-05,199702,1.4737804328449347
2021-10-06,201864,1.4878928387429113
2021-10-07,199541,1.4572133045339006
2021-10-08,187330,1.5259872951475952
2021-10-09,127279,1.563961847594652
2021-10-10,113722,1.554904943634475
2021-10-11,170826,1.4957863557069726
2021-10-12,187110,1.4471278926834448
2021-10-13,196138,1.4775489706227203
2021-10-14,196679,1.5587261476822598
2021-10-15,181128,1.5526478512433157
2021-10-16,123153,1.6497454386007626
2021-10-17,111540,1.6845983503675783
2021-10-18,174878,1.6004317295485952
2021-10-19,199139,1.5273738444001388
2021-10-20,201840,1.5274653190646015
2021-10-21,199384,1.5230359507282387
2021-10-22,187044,1.5602163127392448
2021-10-23,122103,1.6050416451684206
2021-10-24,109605,1.5841658683454203
2021-10-25,175677,1.5155637903652688
2021-10-26,192897,1.509977863834063
2021-10-27,199964,1.5137674781460617
2021-10-28,195814,1.4700184869314707
2021-10-29,189990,1.4359845255013386
2021-10-30,130107,1.47799426625777
2021-10-31,141867,1.5896142161320075
2021-11-01,174396,1.4248038945847343
2021-11-02,187194,1.468502195583187
2021-11-03,194227,1.5062874883512547
2021-11-04,186487,1.4697024457468846
2021-11-05,179012,1.5161570174066503
2021-11-06,115669,1.6094666678193787
2021-11-07,104494,1.6382385591517192
2021-11-08,180362,1.5632095452478862
2021-11-09,203709,1.5076344196869012
2021-11-10,212875,1.4653341162654099
2021-11-11,208981,1.4372627176633237
2021-11-12,192426,1.4774230093646339
2021-11-13,124793,1.6303005777567618
2021-11-14,113766,1.6493662429899945
2021-11-15,178518,1.5170839915302616
2021-11-16,199111,1.5590459592890356
2021-11-17,203524,1.5251700045203467
2021-11-18,203955,1.510735701502778
2021-11-19,187627,1.530183822157787
2021-11-20,119371,1.6692680801869777
2021-11-21,109614,1.6775384531172997
2021-11-22,174997,1.5720658068423983
2021-11-23,193853,1.5013644359385678
2021-11-24,189156,1.4692666370614686
2021-11-25,168164,1.4684986085012242
2021-11-26,168133,1.4786740259199522
2021-11-27,117116,1.5135925065746745
2021-11-28,110047,1.5128408770797908
2021-11-29,175675,1.4121172619894649
2021-11-30,188396,1.4472345485042093
2021-12-01,193760,1.4560621387283186
2021-12-02,196829,1.4498371683034461
2021-12-03,182049,1.481891139198782
2021-12-04,126777,1.558979941156515
2021-12-05,109876,1.560638355964903
2021-12-06,174751,1.4903096405742988
2021-12-07,193636,1.5185921006424379
2021-12-08,197143,1.512447817066794
2021-12-09,195803,1.5133246170896208
2021-12-10,189773,1.544911025277564
2021-12-11,123409,1.5240809017170514
2021-12-12,109437,1.4784634081709083
2021-12-13,170698,1.4913297168097999
2021-12-14,184922,1.464130281956712
2021-12-15,189164,1.4633878539256902
2021-12-16,184834,1.5016263241611347
2021-12-17,175689,1.5086009938015423
2021-12-18,113765,1.5379360963389406
2021-12-19,106092,1.5927770237152632
2021-12-20,152987,1.500353624817791
2021-12-21,168422,1.514138889218744
2021-12-22,161352,1.4850215677524872
2021-12-23,155046,1.529190691794689
2021-12-24,122044,1.5236750680082563
2021-12-25,78202,1.589722769238638
2021-12-26,85933,1.653697648167757
2021-12-27,122556,1.5649033911028396
2021-12-28,137513,1.6392042934122553
2021-12-29,140828,1.6197595648592564
2021-12-30,142947,1.636247700196572
2021-12-31,118365,1.6455776623157143
2022-01-01,79417,1.7111877809536993
2022-01-02,83225,1.8541604085310883
2022-01-03,128517,1.6257981434362732
2022-01-04,151063,1.643076729576397
2022-01-05,162210,1.6279489550582533
2022-01-06,164494,1.6528760927450188
2022-01-07,158135,1.6287867960919422
2022-01-08,107886,1.7011632649277906
2022-01-09,99470,1.692356489393784
2022-01-10,158802,1.5664349315499762
2022-01-11,174198,1.497811685553216
2022-01-12,177493,1.5198712061884088
2022-01-13,184450,1.6080439143399246
2022-01-14,173918,1.5957830701824953
2022-01-15,114434,1.640164636384288
2022-01-16,103703,1.6602403016306155
2022-01-17,158384,1.5768695070209067
2022-01-18,186144,1.5204352544266755
2022-01-19,195396,1.5037800159675683
2022-01-20,198493,1.48088899860448
2022-01-21,187253,1.516527906094957
2022-01-22,126235,1.6388331286885527
2022-01-23,113443,1.628452174219648
2022-01-24,183121,1.646614533559773
2022-01-25,196059,1.6110548355341978
2022-01-26,200919,1.513525351012095
2022-01-27,200019,1.5033356831100997
2022-01-28,186966,1.562422044649824
2022-01-29,120242,1.59810465561118
2022-01-30,109188,1.6858629153386777
2022-01-31,170817,1.6078440670425025
2022-02-01,197621,1.544065661038043
2022-02-02,198311,1.5335856306508415
2022-02-03,203571,1.6024428823358887
2022-02-04,183012,1.5673775490131747
2022-02-05,122497,1.5752981705674387
2022-02-06,109560,1.5703888280394271
2022-02-07,178320,1.4666986316733912
2022-02-08,203139,1.5004715982652226
2022-02-09,202947,1.5276481051703108
2022-02-10,208231,1.5102040522304525
2022-02-11,196369,1.558362063258453
2022-02-12,139535,1.579350700541078
2022-02-13,121849,1.6760991062708714
2022-02-14,187681,1.5600343135426564
2022-02-15,207117,1.5160368294249105
2022-02-16,206518,1.4870727975285407
2022-02-17,210714,1.5467510464420922
2022-02-18,201055,1.6564308273855362
2022-02-19,142205,1.7439773566330243
2022-02-20,125270,1.653088528777835
2022-02-21,192754,1.5604724156178302
2022-02-22,232124,1.5860104943909252
2022-02-23,224282,1.6513933351762466
2022-02-24,282487,1.9047531390825105
2022-02-25,262589,1.854754007212794
2022-02-26,186449,1.8830446931868725
2022-02-27,177666,1.7989654745421138
2022-02-28,229286,1.6370803276257557
2022-03-01,244290,1.6721564533955493
2022-03-02,247843,1.68840959801164
2022-03-03,244538,1.6299029189737346
2022-03-04,228016,1.6901432355624122
2022-03-05,164237,1.701910653506819
2022-03-06,155899,1.637164446211967
2022-03-07,223081,1.6107776995799685
2022-03-08,232305,1.5822444630980776
2022-03-09,244703,1.565662047461612
2022-03-10,238632,1.4979281906869109
2022-03-11,222605,1.6107149435098016
2022-03-12,152609,1.7608882831287758
2022-03-13,146777,1.9562431443618506
2022-03-14,215406,1.7116213104556004
2022-03-15,233896,1.6765340151178256
2022-03-16,232386,1.5608070193557222
2022-03-17,227524,1.543928992106323
2022-03-18,204208,1.5925081289665395
2022-03-19,137868,1.6772071836829394
2022-03-20,128040,1.7411168384879692
2022-03-21,206639,1.5651653366499028
2022-03-22,219196,1.5831871931969517
2022-03-23,225444,1.5892798211529207
2022-03-24,236725,1.5467690358010306
2022-03-25,216428,1.5742316151329727
2022-03-26,148602,1.6112279780891205
2022-03-27,132654,1.6417748428241858
2022-03-28,201631,1.5346018221404405
2022-03-29,226434,1.5027358965526338
2022-03-30,224243,1.5458123553466512
2022-03-31,219370,1.5439449332178472
2022-04-01,199891,1.5625210739853186
2022-04-02,135612,1.729834380438306
2022-04-03,125604,1.8017252635266368
2022-04-04,191597,1.7213014817559738
2022-04-05,209153,1.6815991164362887
2022-04-06,211264,1.7255945168130826
2022-04-07,213282,1.6534058195253185
2022-04-08,196625,1.7437365543547323
2022-04-09,131942,1.7413189128556459
2022-04-10,119153,1.806520188329288
2022-04-11,187094,1.682551551626451
2022-04-12,199910,1.7134865689560257
2022-04-13,205838,1.717259689658854
2022-04-14,201831,1.7292923287304682
2022-04-15,166583,1.8602804607913128
2022-04-16,119464,1.9369533918167778
2022-04-17,111319,1.8900556059612432
2022-04-18,160604,1.862662822843761
2022-04-19,194399,1.7664355269317196
2022-04-20,201728,1.6206476046954272
2022-04-21,205161,1.6190557659594131
2022-04-22,193684,1.603621362631912
2022-04-23,125937,1.7488053550584777
2022-04-24,121616,1.6823016708327823
2022-04-25,184970,1.614626696221005
2022-04-26,205587,1.6046301565760437
2022-04-27,211869,1.6481250206495484
2022-04-28,208126,1.6217368324956953
2022-04-29,193287,1.6380889558014728
2022-04-30,124317,1.752234207710929
2022-05-01,118284,1.7401043251834534
2022-05-02,166759,1.6143992228305482
2022-05-03,188758,1.5902001504571954
2022-05-04,197339,1.6489872757032273
2022-05-05,199217,1.5881039268737065
2022-05-06,189066,1.6080982302476334
2022-05-07,125768,1.7284476178360113
2022-05-08,124968,1.7135354650790575
2022-05-09,184076,1.6419028010169676
2022-05-10,198286,1.61866949759438
2022-05-11,211385,1.752905835324167
2022-05-12,205505,1.6536424904503502
2022-05-13,198167,1.6529629050245462
2022-05-14,131942,1.6608812963271709
2022-05-15,123267,1.7598708494568667
2022-05-16,191921,1.6591139062426694
2022-05-17,208057,1.6372186468131293
2022-05-18,211963,1.5397022121785362
2022-05-19,203663,1.5226889518469193
2022-05-20,187575,1.4964867386378744
2022-05-21,128704,1.6049415713575306
2022-05-22,121786,1.5654459461678656
2022-05-23,188415,1.5803895655865996
2022-05-24,207912,1.6494911308630529
2022-05-25,218104,1.825882147966104
2022-05-26,204230,1.7570376536258103
2022-05-27,185542,1.7070776427978527
2022-05-28,127316,1.7318789468723463
2022-05-29,114882,1.757506833098307
2022-05-30,165641,1.6776776281234687
2022-05-31,187419,1.6293326717141772
2022-06-01,192886,1.6315336520016968
2022-06-02,192970,1.6885085764626582
2022-06-03,173974,1.705092715003387
2022-06-04,117777,1.7822817697852702
2022-06-05,105453,1.8763923264392648
2022-06-06,175118,1.7441953425690067
2022-06-07,194986,1.6501338557639993
2022-06-08,199768,1.5978044531656679
2022-06-09,196900,1.6433199593702346
2022-06-10,186892,1.5708569655201896
2022-06-11,123183,1.6740305074563828
2022-06-12,111062,1.7567763951666617
2022-06-13,170377,1.6950979298848978
2022-06-14,194410,1.576155033177302
2022-06-15,200188,1.518969668511596
2022-06-16,200061,1.4985994271747078
2022-06-17,184090,1.5692927372480816
2022-06-18,115696,1.724017252108973
2022-06-19,106279,1.7700759322161461
2022-06-20,164806,1.6068328822979712
2022-06-21,181498,1.5620502705263937
2022-06-22,193197,1.5844360937281599
2022-06-23,191895,1.54977305297169
2022-06-24,180760,1.5790705908386995
2022-06-25,123616,1.7297485762361016
2022-06-26,114670,1.7054600156972324
2022-06-27,179827,1.580179283422416
2022-06-28,204308,1.567077158016345
2022-06-29,208746,1.5472344380251781
2022-06-30,202140,1.537932126249152
2022-07-01,173948,1.5842257456251452
2022-07-02,111709,1.7832797715493078
2022-07-03,104436,1.8505180206059373
2022-07-04,146826,1.7332175500252156
2022-07-05,174943,1.6865527628999308
2022-07-06,181924,1.6659583122622803
2022-07-07,187564,1.5939609946471782
2022-07-08,179566,1.6885529554592922
2022-07-09,112636,1.7521973436556864
2022-07-10,102361,1.756810699387478
2022-07-11,154870,1.6684322334861665
2022-07-12,172628,1.5985153045855933
2022-07-13,182564,1.5494111653995488
2022-07-14,184626,1.5814912309209055
2022-07-15,175802,1.6496507434500354
2022-07-16,118389,1.7331263884313717
2022-07-17,102425,1.7995010983646715
2022-07-18,162508,1.646046963841796
2022-07-19,184486,1.547495202888041
2022-07-20,182430,1.5999873924245096
2022-07-21,180694,1.586763257219405
2022-07-22,169085,1.5998982760150402
2022-07-23,112122,1.748779008579956
2022-07-24,105272,1.7585758796261266
2022-07-25,158532,1.6218687709737007
2022-07-26,171994,1.6012703931532666
2022-07-27,176051,1.5899841523195155
2022-07-28,175718,1.6052322471232499
2022-07-29,165457,1.6109508814979296
2022-07-30,111225,1.716799280737259
2022-07-31,98095,1.782455782659683
2022-08-01,156894,1.6271463535890645
2022-08-02,184817,1.7283972794710634
2022-08-03,185035,1.630206717648032
2022-08-04,187286,1.6835358756127186
2022-08-05,175617,1.7647573982017863
2022-08-06,117623,1.9061263528391736
2022-08-07,108103,1.955659879929343
2022-08-08,158678,1.7630900313843292
2022-08-09,170199,1.7961192486442517
2022-08-10,173438,1.7729811229373207
2022-08-11,169399,1.7500079693504864
2022-08-12,158351,1.7000277863733304
2022-08-13,101092,1.8198710085862533
2022-08-14,95381,1.814571036160256
2022-08-15,144825,1.6857931986880892
2022-08-16,161599,1.6676755425466923
2022-08-17,166428,1.634827673228081
2022-08-18,174151,1.604403649706308
2022-08-19,162919,1.6304942947108882
2022-08-20,104261,1.7589108103701314
2022-08-21,94748,1.829173175159388
2022-08-22,152003,1.6246093827095698
2022-08-23,169568,1.6264542838271512
2022-08-24,175912,1.621004820592122
2022-08-25,172606,1.6318007485255541
2022-08-26,157278,1.596057935629921
2022-08-27,103279,1.6318699832492711
2022-08-28,95280,1.6542758186398168
2022-08-29,147872,1.6003252813244047
2022-08-30,170705,1.628087636566017
2022-08-31,173421,1.527048050697452
2022-09-01,170045,1.618821488429546
2022-09-02,155276,1.6237454596975869
2022-09-03,100281,1.6437002024311855
2022-09-04,97198,1.644820881088105
2022-09-05,140325,1.58687689292715
2022-09-06,167581,1.552485663649236
2022-09-07,174887,1.4947371731461068
2022-09-08,191900,1.4113684210526514
2022-09-09,174943,1.3348199127715952
2022-09-10,113619,1.4062216706712265
2022-09-11,103533,1.5054832758636885
2022-09-12,160969,1.4697513185768072
2022-09-13,186013,1.4904925999795224
2022-09-14,188365,1.5141740769250756
2022-09-15,193049,1.3919585183035776
2022-09-16,182216,1.423435922202163
2022-09-17,121511,1.5034103908287964
2022-09-18,112412,1.4577820873216145
2022-09-19,169340,1.438620526750854
2022-09-20,183784,1.4830175640969423
2022-09-21,190637,1.4799288700514088
2022-09-22,189333,1.4916792107027843
2022-09-23,174480,1.5508539660705578
2022-09-24,117134,1.6713396622671137
2022-09-25,107449,1.6603281556830845
2022-09-26,159668,1.6402516471678024
2022-09-27,172209,1.5526552038510621
2022-09-28,180780,1.573710587454302
2022-09-29,182864,1.5477103202379405
2022-09-30,171540,1.6068269791301777
2022-10-01,115987,1.7102942571149942
2022-10-02,101947,1.6572758394067353
2022-10-03,158289,1.5803391265343267
2022-10-04,177805,1.5949264643850918
2022-10-05,180524,1.5998111054485264
2022-10-06,186287,1.621517336153307
2022-10-07,173149,1.6274867310812773
2022-10-08,107763,1.7861464510081544
2022-10-09,99450,1.8239859225740938
2022-10-10,162177,1.802886352565353
2022-10-11,185577,1.6197368208344305
2022-10-12,180933,1.6086766924772713
2022-10-13,181778,1.6050688202092163
2022-10-14,169922,1.6643083297041605
2022-10-15,111440,1.717309763101153
2022-10-16,99320,1.813560209424013
2022-10-17,158903,1.6752868101923117
2022-10-18,174161,1.6580020785364733
2022-10-19,183117,1.66496393016481
2022-10-20,185489,1.6151270425738888
2022-10-21,170602,1.6180314416008579
2022-10-22,106636,1.7613038748639507
2022-10-23,96321,1.7349695289707643
2022-10-24,154121,1.6144308692520026
2022-10-25,174767,1.5944594803366237
2022-10-26,181527,1.5520594732463433
2022-10-27,179858,1.596320986556
2022-10-28,167019,1.6085229824151257
2022-10-29,106990,1.7538442845125308
2022-10-30,99677,1.7075453715500464
2022-10-31,155803,1.5929494297285076
2022-11-01,165928,1.5322332577985054
2022-11-02,178145,1.551129697718093
2022-11-03,182170,1.5865806664104707
2022-11-04,171848,1.5874127135607663
2022-11-05,108250,1.6776351039260242
2022-11-06,95609,1.6716899036701525
2022-11-07,151107,1.5342637998239252
2022-11-08,167282,1.5050555349648524
2022-11-09,180005,1.4788433654620217
2022-11-10,166415,1.460688639846125
2022-11-11,54602,1.4402402842386723
2022-11-12,117924,1.4544621959905737
2022-11-13,104533,1.4581462313335831
2022-11-14,166003,1.4489948976825362
2022-11-15,185727,1.5916738007935947
2022-11-16,201247,1.588037585653404
2022-11-17,187084,1.6491415620790104
2022-11-18,173121,1.6307056913949822
2022-11-19,110388,1.6431885712214525
2022-11-20,98012,1.7921662653552044
2022-11-21,150495,1.6881590750522713
2022-11-22,166898,1.62794940622411
2022-11-23,169182,1.6704525304109894
2022-11-24,146348,1.6077657364636984
2022-11-25,132202,1.5733044885855871
2022-11-26,93574,1.689870049372646
2022-11-27,88326,1.6940527138101458
2022-11-28,148142,1.606266285050752
2022-11-29,175982,1.5953097475877729
2022-11-30,176489,1.6041079047418867
2022-12-01,173682,1.5514716550937284
2022-12-02,164040,1.5736765423066832
2022-12-03,105375,1.65797769869507
2022-12-04,92286,1.711994235311901
2022-12-05,148914,1.6756523899699898
2022-12-06,170766,1.640349952566631
2022-12-07,176784,1.6397897999818345
2022-12-08,184184,1.6399388654823301
2022-12-09,162354,1.5320780516648114
2022-12-10,103410,1.6603752054926266
2022-12-11,92531,1.6504436351060352
2022-12-12,152728,1.6748441674086814
2022-12-13,171983,1.6470296482791416
2022-12-14,171440,1.6283241950536091
2022-12-15,173324,1.6041067595947103
2022-12-16,156137,1.6988599755342353
2022-12-17,103883,1.7332460556586928
2022-12-18,88865,1.7290823158723254
2022-12-19,145136,1.6357051317384599
2022-12-20,162931,1.6055182868821356
2022-12-21,167986,1.4707535151738331
2022-12-22,168148,1.4848121892617911
2022-12-23,142483,1.6428549370801628
2022-12-24,88302,1.7432776154559828
2022-12-25,71776,1.71806592732942
2022-12-26,97668,1.837351025924496
2022-12-27,122058,1.7188820069147097
2022-12-28,135317,1.6034651965384334
2022-12-29,135629,1.7438261728685545
2022-12-30,124544,1.768827081192115
2022-12-31,95500,1.7320910994764214
2023-01-01,75210,1.7207951070335852
2023-01-02,104363,1.8530973620918727
2023-01-03,138563,1.751562827017258
2023-01-04,152320,1.6834191176470086
2023-01-05,163685,1.6656138314444742
2023-01-06,151502,1.7247957122677473
2023-01-07,101341,1.8019547863154464
2023-01-08,102363,1.815285796625677
2023-01-09,163841,1.6875727076860683
2023-01-10,177791,1.6529931211365991
2023-01-11,182818,1.6205225962432361
2023-01-12,182795,1.5910506304876852
2023-01-13,165170,1.616453956529579
2023-01-14,112312,1.8504229289834855
2023-01-15,99755,1.8090942809883677
2023-01-16,150648,1.7024095905686962
2023-01-17,175369,1.660584823999633
2023-01-18,182837,1.5814364707361808
2023-01-19,189340,1.5909844723776871
2023-01-20,176155,1.6100462660724626
2023-01-21,117738,1.7896702848697303
2023-01-22,109296,1.7820331942613952
2023-01-23,166378,1.73342268809574
2023-01-24,185763,1.6880293707573062
2023-01-25,187705,1.7147896965983445
2023-01-26,191582,1.7772875322315826
2023-01-27,182071,1.9069494867386385
2023-01-28,123231,1.9443532877278655
2023-01-29,112431,1.902625610374307
2023-01-30,173725,1.7613170240322378
2023-01-31,187202,1.6563076249184787
2023-02-01,187657,1.6518754962510944
2023-02-02,195162,1.646233897992393
2023-02-03,173559,1.6521004384675553
2023-02-04,112626,1.740332605259856
2023-02-05,102690,1.7448865517576533
2023-02-06,162046,1.6203942090516998
2023-02-07,181461,1.6296295071668148
2023-02-08,191133,1.4954544741096127
2023-02-09,188353,1.4662553821812758
2023-02-10,175308,1.611721655600392
2023-02-11,114417,1.7196544219827208
2023-02-12,104053,1.7735231084158793
2023-02-13,160038,1.722960171959101
2023-02-14,181601,1.6765397767633
2023-02-15,184295,1.6013445834124131
2023-02-16,186368,1.5634223686469284
2023-02-17,178484,1.6169891979112563
2023-02-18,122488,1.6894071255959482
2023-02-19,114958,1.7285147619130066
2023-02-20,176967,1.5759361914932672
2023-02-21,191786,1.5523823428195505
2023-02-22,197317,1.5415509053958265
2023-02-23,196551,1.6946558399600589
2023-02-24,192151,1.6071344931849947
2023-02-25,123191,1.607457525306208
2023-02-26,104601,1.6399049722277885
2023-02-27,168497,1.571886146340835
2023-02-28,185285,1.6181919745256874
2023-03-01,185788,1.5730951406979483
2023-03-02,188090,1.6101020787920146
2023-03-03,176229,1.5867853758461465
2023-03-04,115660,1.7061611620266044
2023-03-05,102843,1.7112015402117489
2023-03-06,166817,1.7292392262179008
2023-03-07,185589,1.7504776683962435
2023-03-08,180237,1.6907494021759768
2023-03-09,186124,1.7507661558960035
2023-03-10,184340,1.651940436150548
2023-03-11,116711,1.6675874596224507
2023-03-12,106692,1.742472725227728
2023-03-13,168062,1.5841344265806243
2023-03-14,184011,1.5465064588529485
2023-03-15,190690,1.5522392364570323
2023-03-16,191125,1.6066657946369727
2023-03-17,185627,1.5673188706383716
2023-03-18,126904,1.6976234003656052
2023-03-19,114716,1.7042757767006995
2023-03-20,180426,1.5865861904603131
2023-03-21,180366,1.5707433773548898
2023-03-22,95890,1.4594900406715594
2023-03-23,158472,1.5971338785399978
2023-03-24,314105,1.6767510864201465
2023-03-25,196825,1.6489658325923575
2023-03-26,174829,1.6741730490936302
2023-03-27,264607,1.657170445226349
2023-03-28,281592,1.698180346032573
2023-03-29,294322,1.5735901495640219
2023-03-30,295204,1.604798376715808
2023-03-31,278685,1.6197000197355027
2023-04-01,176435,1.6371666619434408
2023-04-02,158466,1.752112756048576
2023-04-03,251419,1.6357749414323677
2023-04-04,281810,1.6484883432099686
2023-04-05,296407,1.5797943368409293
2023-04-06,278158,1.6313429777320108
2023-04-07,238687,1.7965209667890998
2023-04-08,166995,1.881061109614016
2023-04-09,149641,1.891188243863594
2023-04-10,224810,1.7837836395178348
2023-04-11,267101,1.6580821487002957
2023-04-12,278340,1.5665531364517489
2023-04-13,283008,1.5668800881954204
2023-04-14,254626,1.5661904126050854
2023-04-15,169306,1.6838345953480156
2023-04-16,155259,1.7713929627267475
2023-04-17,244902,1.6485880066311571
2023-04-18,269198,1.5662070297698714
2023-04-19,271292,1.5298055232000873
2023-04-20,259509,1.4939346997598704
2023-04-21,247028,1.5471966740611844
2023-04-22,154014,1.5787110262702915
2023-04-23,146338,1.6769335374270118
2023-04-24,243951,1.542049018040485
2023-04-25,266880,1.5354324040766814
2023-04-26,277473,1.5191582604432898
2023-04-27,274343,1.483107278115353
2023-04-28,256051,1.5633838571221483
2023-04-29,163919,1.6140752444804576
2023-04-30,150844,1.591577391212065
2023-05-01,205023,1.639007818634926
2023-05-02,252472,1.613506844323317
2023-05-03,272059,1.6520751013567112
2023-05-04,273028,1.6367009976998077
2023-05-05,255380,1.5582907823635204
2023-05-06,167063,1.6069859873221104
2023-05-07,148040,1.643177519589263
2023-05-08,227171,1.621722402947527
2023-05-09,263244,1.6869824193523273
2023-05-10,268120,1.6628796807399642
2023-05-11,264884,1.647524576795889
2023-05-12,251140,1.6139985665365324
2023-05-13,168243,1.6544391148516933
2023-05-14,146868,1.5676049241495442
2023-05-15,239417,1.4887956995534448
2023-05-16,256054,1.5672998664343922
2023-05-17,270623,1.515015353462137
2023-05-18,265119,1.5096190767164723
2023-05-19,265145,1.4489132361537747
2023-05-20,172116,1.440947384322163
2023-05-21,158052,1.4794940905524407
2023-05-22,236278,1.530278739450927
2023-05-23,249319,1.5167748948134083
2023-05-24,256715,1.5650176265508207
2023-05-25,253575,1.5349009168884287
2023-05-26,236204,1.6257823745575561
2023-05-27,148553,1.6025041567655525
2023-05-28,136512,1.6101309774964507
2023-05-29,195996,1.6158702218412049
2023-05-30,240608,1.6458060413618278
2023-05-31,259621,1.606042654484753
2023-06-01,264189,1.5357694680702048
2023-06-02,241500,1.5421511387162945
2023-06-03,151997,1.5973611321275745
2023-06-04,144681,1.6431929555366216
2023-06-05,224023,1.575241827847978
2023-06-06,249245,1.5365331300527225
2023-06-07,254824,1.4754261764982213
2023-06-08,252324,1.4812839840838918
2023-06-09,238498,1.5545828476548815
2023-06-10,152778,1.6405516501066482
2023-06-11,134398,1.641041533356121
2023-06-12,220025,1.5070019315986305
2023-06-13,240801,1.559855648439934
2023-06-14,256743,1.5170727147380443
2023-06-15,254830,1.5102990228779478
2023-06-16,240955,1.4852403975845514
2023-06-17,160282,1.5755680612919327
2023-06-18,142063,1.559677044691407
2023-06-19,224403,1.5231053060787427
2023-06-20,259296,1.4946786683943774
2023-06-21,257919,1.5289005462954808
2023-06-22,251474,1.4585774274874996
2023-06-23,233121,1.535060762436608
2023-06-24,171343,1.6625347986202539
2023-06-25,144210,1.6771811940919088
2023-06-26,220782,1.5320315967786604
2023-06-27,235854,1.5471694353285794
2023-06-28,231553,1.5508091020197836
2023-06-29,231553,1.5414151403781666
2023-06-30,219166,1.553510581020723
2023-07-01,139869,1.5814104626471437
2023-07-02,126598,1.7352185658540886
2023-07-03,197813,1.681014897908575
2023-07-04,202620,1.657810186556062
2023-07-05,224727,1.6481668869338642
2023-07-06,238645,1.6011452156969164
2023-07-07,224440,1.569070130101529
2023-07-08,150282,1.6168689530349243
2023-07-09,138711,1.5811262264708321
2023-07-10,228013,1.4628972909438809
2023-07-11,250385,1.5086027517622465
2023-07-12,260529,1.4481397464389105
2023-07-13,252166,1.4403373174812657
2023-07-14,221768,1.5708095847912578
2023-07-15,149088,1.5545409422622534
2023-07-16,132520,1.598078025958303
2023-07-17,213785,1.4914311106952778
2023-07-18,245367,1.5323401272379107
2023-07-19,254270,1.5847386636252585
2023-07-20,268794,1.54336331912164
2023-07-21,219454,1.6494910095053417
2023-07-22,141206,1.7880932821551008
2023-07-23,130240,1.701137131449597
2023-07-24,206368,1.682208966506385
2023-07-25,231310,1.6260840430590473
2023-07-26,233041,1.5770079084795583
2023-07-27,235613,1.5753791174510432
2023-07-28,216217,1.5407479522886147
2023-07-29,143572,1.6220802106259875
2023-07-30,131184,1.7118230881814354
2023-07-31,206180,1.6683344650304957
2023-08-01,223261,1.6768387671827556
2023-08-02,232800,1.6712779209621849
2023-08-03,227410,1.6311908007562752
2023-08-04,214568,1.7258407591066316
2023-08-05,142850,1.7550703535176275
2023-08-06,131616,1.8373381655725316
2023-08-07,202835,1.6991101141321299
2023-08-08,219215,1.6623771183540612
2023-08-09,220912,1.605980661982993
2023-08-10,222457,1.710227594546315
2023-08-11,205498,1.7003683734147579
2023-08-12,133787,1.7346737724890653
2023-08-13,125999,1.7786220525559322
2023-08-14,196732,1.6828319744626568
2023-08-15,208176,1.6819801514102986
2023-08-16,214445,1.6437804565272585
2023-08-17,218019,1.6065453010975526
2023-08-18,210635,1.6377477627174468
2023-08-19,141566,1.7549800093242165
2023-08-20,128180,1.7229364955530846
2023-08-21,212710,1.6164251798222453
2023-08-22,234151,1.5900184069253789
2023-08-23,226942,1.574353359007995
2023-08-24,237160,1.5821976724573583
2023-08-25,215522,1.5728825827525152
2023-08-26,139207,1.7298519471003222
2023-08-27,126292,1.7215706458049307
2023-08-28,203415,1.6292426812181482
2023-08-29,222820,1.5994336235525974
2023-08-30,229945,1.6408141077213405
2023-08-31,227330,1.582345488936738
2023-09-01,210493,1.6058405742708253
2023-09-02,133803,1.7276525937385132
2023-09-03,125079,1.6627411475946774
2023-09-04,194675,1.515761140362111
2023-09-05,228027,1.4904178014006526
2023-09-06,246378,1.476461778243157
2023-09-07,247273,1.4552563361142725
2023-09-08,233540,1.4532551168964085
2023-09-09,154860,1.412050238925435
2023-09-10,147794,1.4634903987982935
2023-09-11,228662,1.4159646115226336
2023-09-12,248352,1.4227966756860606
2023-09-13,253841,1.5129202926240595
2023-09-14,250590,1.5106708168721414
2023-09-15,238947,1.517396744884774
2023-09-16,156562,1.5239189586233837
2023-09-17,138527,1.5226771676279274
2023-09-18,230039,1.4767000378196191
2023-09-19,266430,1.5595935142439021
2023-09-20,273751,1.5353321083758045
2023-09-21,273933,1.53386375500572
2023-09-22,251100,1.4951405814416308
2023-09-23,160279,1.5417372207213171
2023-09-24,142393,1.6504470023104794
2023-09-25,224275,1.5879995541187897
2023-09-26,254567,1.5336257252510475
2023-09-27,248983,1.5424008868074859
2023-09-28,245418,1.5329739464912662
2023-09-29,229188,1.6206838926993758
2023-09-30,147478,1.664349936939705
2023-10-01,134025,1.6973624323819758
2023-10-02,204205,1.5853911510491256
2023-10-03,234203,1.6269360341242394
2023-10-04,235391,1.5946888368713688
2023-10-05,248426,1.6461892072487774
2023-10-06,231816,1.6504775339061621
2023-10-07,176522,2.056418463420927
2023-10-08,172456,2.219934939926642
2023-10-09,260310,2.0141031846645197
2023-10-10,289035,1.8955019288321475
2023-10-11,298086,1.8402407358950363
2023-10-12,294375,1.8087466666667384
2023-10-13,274972,1.828604003316625
2023-10-14,179420,1.9489610968676179
2023-10-15,169492,1.9510661270147776
2023-10-16,257950,1.743281256057289
2023-10-17,284128,1.759031844802388
2023-10-18,309804,1.8633242308040152
2023-10-19,292780,1.7975660905799489
2023-10-20,270377,1.7739889117787717
2023-10-21,172846,1.8022494012010088
2023-10-22,153649,2.005873777245477
2023-10-23,245549,1.7699017304081532
2023-10-24,261460,1.710422626787963
2023-10-25,266789,1.7325575642174518
2023-10-26,270129,1.7218443780563701
2023-10-27,250262,1.8346784569770231
2023-10-28,167288,1.8985832815263926
2023-10-29,149261,1.9896309149743823
2023-10-30,235487,1.8731560553236704
2023-10-31,253731,1.8476780527409218
2023-11-01,259634,1.81116071084672
2023-11-02,257084,1.7562928848158745
2023-11-03,246711,1.7811273109022228
2023-11-04,172160,1.8165009293679681
2023-11-05,156161,1.923874078675152
2023-11-06,230675,1.7501450092120125
2023-11-07,252507,1.7355990130966037
2023-11-08,256697,1.6811836523216122
2023-11-09,265790,1.7339501109898003
2023-11-10,245465,1.7116990202268567
2023-11-11,164753,1.782376648680099
2023-11-12,143932,1.893041853097257
2023-11-13,219865,1.7515666431673809
2023-11-14,246865,1.6838689162092262
2023-11-15,255599,1.6343346413717648
2023-11-16,257865,1.671589397552975
2023-11-17,240984,1.7089279786209808
2023-11-18,158014,1.7840457174680253
2023-11-19,138678,1.8114358441857616
2023-11-20,206954,1.6087454216878483
2023-11-21,247478,1.6303441113957609
2023-11-22,256297,1.580524547692674
2023-11-23,219779,1.6380313860741562
2023-11-24,205991,1.561970668621397
2023-11-25,145737,1.6883454441905288
2023-11-26,140343,1.720369380731484
2023-11-27,222232,1.5798903848230406
2023-11-28,249810,1.518218646171057
2023-11-29,248497,1.5659295685662045
2023-11-30,245087,1.5837914699677587
2023-12-01,230979,1.6314803510275624
2023-12-02,152088,1.7815935511019185
2023-12-03,139078,1.943749550611811
2023-12-04,212338,1.7665895882978497
2023-12-05,239522,1.688437387797301
2023-12-06,248753,1.6809702797553718
2023-12-07,252072,1.6743470119647925
2023-12-08,227251,1.6969535887630487
2023-12-09,154585,1.7695255037681012
2023-12-10,143302,1.7556872897795839
2023-12-11,220807,1.6184418972223953
2023-12-12,241033,1.6227483373645364
2023-12-13,242506,1.5969163649558538
2023-12-14,246195,1.6018688438026392
2023-12-15,228461,1.6707083484707907
2023-12-16,147233,1.781400908763614
2023-12-17,131875,1.8948102369667759
2023-12-18,206767,1.7390275043889338
2023-12-19,225626,1.6811488924148115
2023-12-20,226483,1.6597607767469837
2023-12-21,218448,1.7237374569690977
2023-12-22,195470,1.783597482989665
2023-12-23,128680,1.901715107242732
2023-12-24,109974,1.9734237183333878
2023-12-25,119381,1.985897253331735
2023-12-26,149944,2.0678793416208228
2023-12-27,174158,1.9312497846782257
2023-12-28,181974,1.9333349819204328
2023-12-29,173830,2.055969625496122
2023-12-30,126497,2.1311216866802813
2023-12-31,114549,2.181214152895222
2024-01-01,109940,2.0353101691831537
2024-01-02,165490,2.1081575926037273
2024-01-03,193388,2.0030736136677985
2024-01-04,207730,1.931707986328367
2024-01-05,198155,1.9246892584087634
2024-01-06,141208,1.9137676335617957
2024-01-07,127338,1.8914730873737124
2024-01-08,195596,1.8373581259329765
2024-01-09,220725,1.753290746403828
2024-01-10,230321,1.7068669378823091
2024-01-11,239762,1.6560647642244413
2024-01-12,235938,1.8250917613948778
2024-01-13,150523,1.9046205563268872
2024-01-14,139563,1.8981721516447339
2024-01-15,200133,1.775999960026522
2024-01-16,224806,1.7671169808634333
2024-01-17,237950,1.7499945366672942
2024-01-18,243845,1.8439582521684215
2024-01-19,220824,1.7940119733361584
2024-01-20,145538,1.887798375681899
2024-01-21,132305,1.9437829258153032
2024-01-22,207663,1.674631975845423
2024-01-23,234863,1.7285349331311808
2024-01-24,237519,1.6934017910145662
2024-01-25,241832,1.6632608587779332
2024-01-26,226773,1.6292781768552138
2024-01-27,154884,1.73068425402232
2024-01-28,140320,1.8204810433294878
2024-01-29,229048,1.8022431979323148
2024-01-30,245769,1.75401169390763
2024-01-31,243585,1.7251246997967298
2024-02-01,240936,1.678117010326379
2024-02-02,221347,1.7626301689202297
2024-02-03,152478,1.9718962735607233
2024-02-04,135803,1.9486012827403907
2024-02-05,213302,1.642211512315813
2024-02-06,238499,1.6235984217962856
2024-02-07,246926,1.6577557648849834
2024-02-08,242371,1.6672766131260892
2024-02-09,225265,1.6645160144718074
2024-02-10,148478,1.7942179986260043
2024-02-11,131959,1.8051470532513398
2024-02-12,210449,1.7139796340205251
2024-02-13,235268,1.684134263903215
2024-02-14,239181,1.6539913287426293
2024-02-15,244627,1.6267239511582328
2024-02-16,239280,1.6180729689066353
2024-02-17,162526,1.6419908199303046
2024-02-18,140942,1.6939968213874843
2024-02-19,216457,1.677264768522086
2024-02-20,247845,1.6781536847626324
2024-02-21,251677,1.6791891988540142
2024-02-22,246830,1.6343438804034685
2024-02-23,236437,1.625978590491286
2024-02-24,168140,1.685353277030996
2024-02-25,141418,1.7699691694126225
2024-02-26,231522,1.6569254757646634
2024-02-27,258975,1.6254650062746991
2024-02-28,260793,1.606821885556728
2024-02-29,250608,1.6213337164016397
2024-03-01,239553,1.6071629242797496
2024-03-02,153638,1.6773884065139757
2024-03-03,135670,1.7364494729858826
2024-03-04,218513,1.6339366536544344
2024-03-05,247308,1.5889376809483897
2024-03-06,255757,1.5952521338613885
2024-03-07,252238,1.6015461587865143
2024-03-08,228011,1.5909179820271124
2024-03-09,150673,1.696994816589521
2024-03-10,135410,1.6800192009452404
2024-03-11,213839,1.5724778922459774
2024-03-12,243069,1.6643130140001283
2024-03-13,241071,1.6222548543789368
2024-03-14,238000,1.6048289915965706
2024-03-15,229220,1.5933395864234685
2024-03-16,143031,1.7554830770951309
2024-03-17,136126,1.835189456826728
2024-03-18,216691,1.678136609273056
2024-03-19,245712,1.642658478218326
2024-03-20,246133,1.6132830624093044
2024-03-21,246838,1.6356241745597884
2024-03-22,231854,1.7174980806886406
2024-03-23,149532,1.9261689805526063
2024-03-24,135385,2.042724083170176
2024-03-25,214914,1.7744451268879042
2024-03-26,238925,1.7252091660562874
2024-03-27,232364,1.694131190717946
2024-03-28,227385,1.6299892253226251
2024-03-29,195553,1.7532730257269915
2024-03-30,129790,1.7932506356421443
2024-03-31,121546,1.8364224244318592
2024-04-01,185947,1.8800873367141713
2024-04-02,235816,1.8813091562912858
2024-04-03,239626,1.7004360962499816
2024-04-04,237249,1.6674536035978382
2024-04-05,221086,1.7017287390426536
2024-04-06,146550,1.9421705902421915
2024-04-07,139877,1.9602229101281323
2024-04-08,213877,1.6627164211205072
2024-04-09,234883,1.6367617068923104
2024-04-10,232291,1.6313718568519056
2024-04-11,231056,1.6316529326223435
2024-04-12,228438,1.7119669231913388
2024-04-13,154026,2.051838001376332
2024-04-14,169697,2.298330553869496
2024-04-15,225033,1.9157048077392174
2024-04-16,239122,1.7775194252306112
2024-04-17,243862,1.7233636236887298
2024-04-18,240792,1.6817975680254462
2024-04-19,231968,1.8870706304317582
2024-04-20,150045,1.887251157985894
2024-04-21,135070,1.8582423928333083
2024-04-22,223128,1.6862307733676896
2024-04-23,240088,1.6648503881909689
2024-04-24,244001,1.6481534911741575
2024-04-25,244493,1.7124498451897656
2024-04-26,230421,1.6769009769074434
2024-04-27,148695,1.8221224654493653
2024-04-28,136292,1.7619001848970948
2024-04-29,217671,1.6559013373393205
2024-04-30,230348,1.7233959053257932
2024-05-01,213154,1.8076592510578684
2024-05-02,227955,1.768086245092194
2024-05-03,219057,1.772144236431547
2024-05-04,144929,1.7886668644646282
2024-05-05,134886,1.8797881173731492
2024-05-06,220303,1.7221921626123227
2024-05-07,241330,1.6954626445116514
2024-05-08,242132,1.700626104769222
2024-05-09,230028,1.6948006329663554
2024-05-10,214697,1.689786536374466
2024-05-11,140065,1.7998272230749663
2024-05-12,127527,1.9049769852658236
2024-05-13,210955,1.6586153445046918
2024-05-14,234724,1.6972026720743734
2024-05-15,245676,1.7365790716227945
2024-05-16,245237,1.684245036434071
2024-05-17,226566,1.7018352268212589
2024-05-18,146263,1.8490876024694765
2024-05-19,133513,1.841323316830524
2024-05-20,220868,1.66226524439935
2024-05-21,239165,1.6514556895866481
2024-05-22,250273,1.559056710072541
2024-05-23,236074,1.5945195150672822
2024-05-24,221448,1.6361908890574264
2024-05-25,144692,1.707328670555337
2024-05-26,132576,1.7791327238715433
2024-05-27,201073,1.71531483590531
2024-05-28,233482,1.5897983570467464
2024-05-29,234754,1.6505009499305114
2024-05-30,230197,1.6545402416190664
2024-05-31,234562,1.7053908987815336
2024-06-01,145660,1.7563510915830938
2024-06-02,129368,1.6908563168634896
2024-06-03,208183,1.6197604991761412
2024-06-04,220957,1.55661554058024
2024-06-05,235323,1.5552733901912956
2024-06-06,240954,1.6115744083932786
2024-06-07,217989,1.5514989288449803
2024-06-08,144035,1.637004894643632
2024-06-09,130108,1.6643549973867473
2024-06-10,200961,1.5734137469458784
2024-06-11,225190,1.531777610018149
2024-06-12,225771,1.6012836015253815
2024-06-13,233951,1.5262242948309057
2024-06-14,220200,1.5059436875567072
2024-06-15,159383,1.6471781808599006
2024-06-16,139271,1.7396047992761887
2024-06-17,201260,1.6355251912947815
2024-06-18,205776,1.5721799432391843
2024-06-19,211885,1.5662293225097892
2024-06-20,214690,1.560040989333399
2024-06-21,208138,1.6401570112136348
2024-06-22,132225,1.7799130270372032
2024-06-23,120599,1.8867022114610759
2024-06-24,196022,1.691309648916893
2024-06-25,232318,1.6312872872527913
2024-06-26,230674,1.6075894985996866
2024-06-27,222624,1.6150194947534182
2024-06-28,202722,1.5966505855308624
2024-06-29,124957,1.678685467800896
2024-06-30,113812,1.7347388676061877
2024-07-01,186071,1.6850148599190142
2024-07-02,211260,1.620813215942376
2024-07-03,214946,1.5913796953652855
2024-07-04,196457,1.544641830018726
2024-07-05,194875,1.449011930724777
2024-07-06,126644,1.5852097217396475
2024-07-07,117816,1.640949446594669
2024-07-08,203926,1.5470577562448664
2024-07-09,217405,1.5799452634483537
2024-07-10,221413,1.5561918225216436
2024-07-11,225195,1.4928173360864379
2024-07-12,205425,1.5239021540707662
2024-07-13,132706,1.6842456256687377
2024-07-14,127484,2.1905494022778744
2024-07-15,189227,1.8645262039771682
2024-07-16,211466,1.7932140391362588
2024-07-17,215293,1.7654809956663466
2024-07-18,214340,1.6339829243257749
2024-07-19,202192,1.6417894872200058
2024-07-20,132802,1.8375476272947273
2024-07-21,126029,1.8417094478254639
2024-07-22,198573,1.5668625643969107
2024-07-23,211381,1.564509109144097
2024-07-24,218012,1.5916330293744736
2024-07-25,214570,1.6029980892016087
2024-07-26,198023,1.64861303989935
2024-07-27,129114,1.7449021794692745
2024-07-28,111997,1.7425698902648696
2024-07-29,185773,1.6923072782373423
2024-07-30,207703,1.7525885519226212
2024-07-31,227617,1.9791658795257205
2024-08-01,231089,1.8715784827490332
2024-08-02,209572,1.8055350905654708
2024-08-03,133191,2.0608915016779945
2024-08-04,121817,2.08351051166909
2024-08-05,193155,1.8653381998912233
2024-08-06,211860,1.8967209477956768
2024-08-07,212631,1.8713846993147043
2024-08-08,208505,1.8211999712236824
2024-08-09,195352,1.853842294934211
2024-08-10,139428,1.930655965803088
2024-08-11,115724,1.9684136393487561
2024-08-12,185555,1.8695949987873635
2024-08-13,203450,1.8450680756942075
2024-08-14,209331,1.7739775761831333
2024-08-15,207692,1.7293415249503485
2024-08-16,199511,1.7906556530717022
2024-08-17,133625,1.925826753975634
2024-08-18,120697,1.912257968300749
2024-08-19,194876,1.7276740080871444
2024-08-20,221237,1.6468565384632219
2024-08-21,213257,1.7261599853696998
2024-08-22,215546,1.7191815204178664
2024-08-23,200215,1.6930929251054498
2024-08-24,134012,1.786198997104706
2024-08-25,129623,2.0272706232689592
2024-08-26,189860,1.9123933424628032
2024-08-27,214217,1.768840008029199
2024-08-28,218579,1.7411750442631064
2024-08-29,218699,1.7641681031919887
2024-08-30,202899,1.7226260356137213
2024-08-31,128512,1.8092396040836323
2024-09-01,120961,1.8288125924884526
2024-09-02,176126,1.6859816267898589
2024-09-03,211909,1.6795525437805303
2024-09-04,229484,1.6510148855693503
2024-09-05,224133,1.62924379720965
2024-09-06,218496,1.7099324472758557
2024-09-07,141397,1.860272848787412
2024-09-08,131394,1.7999901060930823
2024-09-09,208255,1.7131574271925665
2024-09-10,226548,1.6784928580256075
2024-09-11,235007,1.6118770930227235
2024-09-12,232643,1.6938364790687188
2024-09-13,226613,1.660492116515745
2024-09-14,142084,1.7252041046141282
2024-09-15,125541,1.7831075106936696
2024-09-16,189085,1.6319438347832425
2024-09-17,211061,1.634684759382299
2024-09-18,221528,1.6785927738253656
2024-09-19,224818,1.6495725431237005
2024-09-20,210210,1.7335022120735708
2024-09-21,141086,1.7851955544844547
2024-09-22,128007,1.7992367604896131
2024-09-23,207086,1.6909443419641312
2024-09-24,238887,1.6832514954768552
2024-09-25,241151,1.6424472633328928
2024-09-26,245560,1.5625061084866456
2024-09-27,231339,1.6362018509632312
2024-09-28,153724,1.9348449168639394
2024-09-29,136985,2.0178822498813203
2024-09-30,208197,1.808451130419671
2024-10-01,242636,1.974369013666597
2024-10-02,244579,2.0295789908372748
2024-10-03,228267,1.8762015534439458
2024-10-04,221896,1.8384166456358688
2024-10-05,145009,2.0525884600265663
2024-10-06,135815,2.0681132422780504
2024-10-07,219467,1.9139583627606815
2024-10-08,233167,1.7679933266714134
2024-10-09,233815,1.635672219489694
2024-10-10,226889,1.6436843566677708
2024-10-11,216770,1.6535313927203263
2024-10-12,138992,1.8421038620927266
2024-10-13,127776,1.9263445404457267
2024-10-14,204737,1.7682343689708548
2024-10-15,227161,1.7239081532480633
2024-10-16,236795,1.6211680989885264
2024-10-17,231228,1.6980205684431922
2024-10-18,223246,1.6684657283892468
2024-10-19,145375,1.8519986242475865
2024-10-20,128677,1.8837383526192926
2024-10-21,212608,1.6826064870559472
2024-10-22,235451,1.64271292115975
2024-10-23,240920,1.606256848746406
2024-10-24,235832,1.6254074934698735
2024-10-25,223751,1.727940433785756
2024-10-26,149206,2.064750747288909
2024-10-27,128039,1.885166238411682
2024-10-28,202367,1.7287601239331796
2024-10-29,223664,1.6939520888474813
2024-10-30,218188,1.6261219682108428
2024-10-31,213176,1.6294789282094788
2024-11-01,202252,1.6798108300535368
2024-11-02,132178,1.8328738519268948
2024-11-03,117333,1.809402299438305
2024-11-04,193034,1.653595221567125
2024-11-05,214543,1.6343017483673885
2024-11-06,233903,1.4642257688015223
2024-11-07,223485,1.4861816229276612
2024-11-08,201869,1.5702480321395929
2024-11-09,136465,1.6956926684497433
2024-11-10,124925,1.8259267560535832
2024-11-11,195389,1.603070797230082
2024-11-12,217058,1.5421956343465133
2024-11-13,227379,1.571332884743022
2024-11-14,219485,1.5698462309496533
2024-11-15,210873,1.5581112802491968
2024-11-16,140404,1.5696290703968143
2024-11-17,128955,1.7839812337636813
2024-11-18,210028,1.6515302721541432
2024-11-19,229236,1.665285121010584
2024-11-20,232090,1.6859959498470103
2024-11-21,235546,1.776439421599154
2024-11-22,218579,1.719632261104605
2024-11-23,139401,1.7711142674729259
2024-11-24,124612,1.8634120309440063
2024-11-25,200817,1.692462291539005
2024-11-26,226623,1.6583016728222164
2024-11-27,226460,1.5884399010862122
2024-11-28,198445,1.6595706618961807
2024-11-29,186577,1.6704899317707411
2024-11-30,141987,1.7803939797304853
2024-12-01,133214,1.7190723197261122
2024-12-02,212318,1.6334130879152367
2024-12-03,238086,1.629393160454551
2024-12-04,236316,1.6099015724707235
2024-12-05,229627,1.5747904209870107
2024-12-06,215926,1.6149995831904649
2024-12-07,153528,1.6431595539575394
2024-12-08,152192,1.6673629362909554
2024-12-09,223616,1.6364003470234398
2024-12-10,239874,1.6841704394807095
2024-12-11,234411,1.6528234596498594
2024-12-12,236036,1.56311325391037
2024-12-13,215436,1.6470566664809392
2024-12-14,143566,1.6937116030257464
2024-12-15,129832,1.665034043995266
2024-12-16,204944,1.6193140565226958
2024-12-17,228471,1.6331565056396022
2024-12-18,221928,1.6207707004072918
2024-12-19,221088,1.687160768562681
2024-12-20,209767,1.6771741980387211
2024-12-21,135658,1.796860487402104
2024-12-22,116801,1.7831191513770992
2024-12-23,175481,1.6668380052540746
2024-12-24,159164,1.7128515242139593
2024-12-25,116871,1.8270982536300324
2024-12-26,141003,1.8967107082827577
2024-12-27,157613,1.8617087422991194
2024-12-28,120402,1.879605820501274
2024-12-29,112793,1.8209711595577427
2024-12-30,156426,1.6426891948908287
2024-12-31,149952,1.7810586054203608
2025-01-01,111074,1.8385499756918529
2025-01-02,143607,1.8550021934863408
2025-01-03,163721,1.8208287269195231
2025-01-04,121116,1.8281275801710444
2025-01-05,111439,1.8824917667961405
2025-01-06,172865,1.71787637751998
2025-01-07,199024,1.6378728193584122
2025-01-08,214644,1.626403719647363
2025-01-09,221711,1.6038090126334985
2025-01-10,202950,1.6540822862773474
2025-01-11,135628,1.7098224555401222
2025-01-12,125466,1.7071581145489299
2025-01-13,195956,1.5839555818652662
2025-01-14,218457,1.5551078701986674
2025-01-15,236017,1.5464225034636705
2025-01-16,238740,1.5087216218479769
2025-01-17,221140,1.5219444695667317
2025-01-18,145960,1.6681289394354246
2025-01-19,132430,1.6703873744619282
2025-01-20,198840,1.5079118889558858
2025-01-21,230526,1.5271943294898838
2025-01-22,234121,1.5728443838869002
2025-01-23,230317,1.6173408823490345
2025-01-24,215929,1.637511867326702
2025-01-25,153827,1.6367653272832006
2025-01-26,139752,1.6575848646172857
2025-01-27,211848,1.5956327177976046
2025-01-28,227320,1.5691056660213998
2025-01-29,227589,1.5750778816198674
2025-01-30,218196,1.5454151313497508
2025-01-31,206206,1.5777489500789834
2025-02-01,145565,1.6077278191872681
2025-02-02,129510,1.667120685661299
2025-02-03,200399,1.5261687932573849
2025-02-04,227522,1.4983425778605386
2025-02-05,245875,1.5293986781900692
2025-02-06,232637,1.5825165386416682
2025-02-07,213262,1.5881155573894516
2025-02-08,144731,1.5676524034242472
2025-02-09,126654,1.6223246008811152
2025-02-10,195256,1.4791765681975977
2025-02-11,226141,1.4631513082545196
2025-02-12,241346,1.4037440023865566
2025-02-13,245430,1.429737603389897
2025-02-14,228536,1.4728047222318645
2025-02-15,157733,1.4609308134632033
2025-02-16,145155,1.4360325169645896
2025-02-17,221148,1.360288132834066
2025-02-18,240511,1.4019412833508171
2025-02-19,240568,1.4547200791459431
2025-02-20,234350,1.442054192447136
2025-02-21,219951,1.5031952571253813
2025-02-22,149889,1.5607195991700094
2025-02-23,133136,1.5517305612305772
2025-02-24,220751,1.43901681079581
2025-02-25,239116,1.4720746415964774
2025-02-26,231883,1.488770198763975
2025-02-27,235210,1.4597066451255645
2025-02-28,231712,1.476349520093849
2025-03-01,162244,1.4426635191439607
2025-03-02,142259,1.4609001890916897
2025-03-03,205129,1.4765898532142598
2025-03-04,235131,1.4774359824948256
2025-03-05,240778,1.5044210849827893
2025-03-06,238742,1.4921848690217385
2025-03-07,226688,1.589541572557805
2025-03-08,145826,1.777327774196603
2025-03-09,131889,1.782037167618177
2025-03-10,210570,1.6093584081302474
2025-03-11,237090,1.6248361381753582
2025-03-12,243886,1.5324024339239755
2025-03-13,243021,1.5098221964356267
2025-03-14,223156,1.5377950850525473
2025-03-15,147086,1.6870579116978763
2025-03-16,132504,1.8008309183118603
2025-03-17,217843,1.6588428363545726
2025-03-18,244058,1.6579304919321733
2025-03-19,240778,1.662999111214413
2025-03-20,237757,1.671905769335897
2025-03-21,220054,1.6877998127731542
2025-03-22,145115,1.8253943424180235
2025-03-23,130072,1.8026000984069865
2025-03-24,212160,1.6981985294116944
2025-03-25,233846,1.6669432019362602
2025-03-26,236650,1.633884639763283
2025-03-27,238694,1.60119902469263
2025-03-28,226379,1.5744724554838776
2025-03-29,142987,1.65238727996247
2025-03-30,124573,1.6874932770343092
2025-03-31,188750,1.5712143046356974
2025-04-01,210835,1.6097882230179206
2025-04-02,217155,1.5816168174805367
2025-04-03,217676,1.5339986953085447
2025-04-04,211734,1.5821011268855465
2025-04-05,140713,1.5824053214698965
2025-04-06,123917,1.714582341405902
2025-04-07,198558,1.580610199538608
2025-04-08,223500,1.526038926174427
2025-04-09,224358,1.5553182859536256
2025-04-10,229395,1.5557017371781825
2025-04-11,220914,1.5028997709515313
2025-04-12,140987,1.6011327285493993
2025-04-13,120587,1.717778865051741
2025-04-14,200287,1.578408483825653
2025-04-15,225639,1.5705755653942144
2025-04-16,223934,1.5414773995908813
2025-04-17,224678,1.5225567256250487
2025-04-18,195420,1.6079659195578233
2025-04-19,141673,1.6687413974433676
2025-04-20,122672,1.7186277227076743
2025-04-21,208270,1.3716637057665053
2025-04-22,235102,1.4298666110879
2025-04-23,252045,1.5768688131087587
2025-04-24,244856,1.6112184304243575
2025-04-25,232422,1.5712066843929773
2025-04-26,167587,1.4709858163222267
2025-04-27,133527,1.6882113729807087
2025-04-28,211695,1.6059283403008409
2025-04-29,226757,1.595734200046687
2025-04-30,234646,1.6412314720897971
2025-05-01,198489,1.6399755150158744
2025-05-02,196111,1.690804697339704
2025-05-03,140495,1.7404057083881512
2025-05-04,125919,1.7970989286763175
2025-05-05,194301,1.618255696059147
2025-05-06,220468,1.6854432389280252
2025-05-07,254542,1.7813457111204098
2025-05-08,242985,1.6830141778298489
2025-05-09,233677,1.553717310646674
2025-05-10,164548,1.6341055497483277
2025-05-11,145606,1.4446478853893174
2025-05-12,228518,1.4316679648867356
2025-05-13,239483,1.4905174897591216
2025-05-14,247620,1.4519388579273973
2025-05-15,248025,1.4466029634108815
2025-05-16,229645,1.4407245966600002
2025-05-17,153657,1.5324313243131789
2025-05-18,137883,1.5755089459904124
2025-05-19,209622,1.46993016000223
2025-05-20,232855,1.5176435979471787
2025-05-21,240873,1.639713043803155
2025-05-22,238882,1.7196779162933629
2025-05-23,218810,1.6207111192359205
2025-05-24,140225,1.6487010162238822
2025-05-25,122811,1.7022986540293163
2025-05-26,183673,1.6091020454829434
2025-05-27,212351,1.5604631011862318
2025-05-28,227407,1.5842687340319004
2025-05-29,219939,1.591710883472199
2025-05-30,206991,1.5513128590131637
2025-05-31,135231,1.5946972217908806
2025-06-01,122170,1.74147253826631
2025-06-02,203223,1.6748871928866136
2025-06-03,213369,1.6911214843768205
2025-06-04,226589,1.5755972266967457
2025-06-05,222237,1.6087667670099368
2025-06-06,199255,1.6844731625303766
2025-06-07,130130,1.7765050334280703
2025-06-08,116247,1.9486378143091347
2025-06-09,186641,1.8203251161319787
2025-06-10,217422,1.834785808243846
2025-06-11,231978,1.7630822750434083
2025-06-12,208092,1.6939853526325062
2025-06-13,236293,1.9729712687213663
2025-06-14,125617,2.105523933862357
2025-06-15,2481,1.7841596130592507
2025-06-16,2387,1.8938416422287392
2025-06-17,2577,1.4688009313154833
2025-06-18,2613,1.6496364332185227
2025-06-19,1763,1.670674985819626
2025-06-20,1214,1.5124382207578253
2025-06-21,1333,1.8402100525131282
2025-06-22,1963,1.9164034640855836
2025-06-23,2294,1.6147776809067131
2025-06-24,2510,1.7154581673306775
2025-06-25,4247,1.3298092771368029
2025-06-26,3213,1.3770619358854652
2025-06-27,2406,1.1881130507065667
2025-06-28,2006,1.2445164506480553
2025-06-29,2417,1.3348365742656185
2025-06-30,3258,1.5683855125844077
2025-07-01,4873,1.432320952185512
2025-07-02,212237,1.606345736134575
2025-07-03,219372,1.6059127874112675
2025-07-04,192460,1.601600852125061
2025-07-05,127396,1.6343480172061517
2025-07-06,121205,1.6792756074419057
2025-07-07,194621,1.6535646204674035
2025-07-08,216000,1.5735898148147456
2025-07-09,222386,1.5673387713254603
2025-07-10,223865,1.5731521229311751
2025-07-11,206617,1.5795684769403573
2025-07-12,136339,1.7003990054202687
2025-07-13,120734,1.7752016830386999
2025-07-14,196540,1.5853861809300203
2025-07-15,217273,1.61663253142353
2025-07-16,220457,1.7142576556878926
2025-07-17,214244,1.7190259703888309
2025-07-18,204490,1.6563000635727336
2025-07-19,134742,1.7672418399607717
2025-07-20,115879,1.7610766402885336
2025-07-21,189455,1.6703570768783538
2025-07-22,209397,1.6305644302448727
2025-07-23,217510,1.5855652613672222
2025-07-24,218043,1.6373380479996327
2025-07-25,209693,1.5605666378943748
2025-07-26,134513,1.7160950986149561
2025-07-27,115894,1.7392651906051797
2025-07-28,190135,1.6375044047649745
2025-07-29,210510,1.6974642534795823
2025-07-30,204981,1.6073811719134212
2025-07-31,213449,1.5892719103860196
2025-08-01,217295,1.6091134172437616
2025-08-02,124783,1.6798874846733536
2025-08-03,111443,1.8077824538104084
2025-08-04,173683,1.665155484416952
2025-08-05,197957,1.5964891365295855
2025-08-06,208525,1.6042407385205046
2025-08-07,209590,1.5412653275441874
2025-08-08,208454,1.5756459458680814
2025-08-09,147916,1.5965899564617219
2025-08-10,126015,1.6219005673927342
2025-08-11,196116,1.67418211670637
2025-08-12,207434,1.6532188551538525
2025-08-13,213926,1.5898591101595183
2025-08-14,212677,1.5592781541962015
2025-08-15,197709,1.5343803266416185
2025-08-16,144614,1.425444977664652
2025-08-17,127814,1.5214358364498
2025-08-18,210917,1.4696378196161897
2025-08-19,226842,1.4361216176897986
2025-08-20,220353,1.5630179757025724
2025-08-21,217719,1.633388450250025
2025-08-22,201811,1.6277517082814608
2025-08-23,132148,1.6699034415957432
2025-08-24,123007,1.7074638028729723
2025-08-25,190722,1.6287732930652434
2025-08-26,208049,1.622876822286995
2025-08-27,211779,1.6466032987217232
2025-08-28,217443,1.6954043128543392
2025-08-29,201932,1.6577828179782674
2025-08-30,137860,1.779340635427193
2025-08-31,124035,1.68231789414275
2025-09-01,177943,1.5625413756089954
2025-09-02,210590,1.5737594377700275
2025-09-03,227310,1.5602120452245185
2025-09-04,222084,1.5313502998864734
2025-09-05,199189,1.568841150866702
2025-09-06,131245,1.726681397386516
2025-09-07,117516,1.8084873549133347
2025-09-08,193579,1.767518687460874
2025-09-09,227163,1.7659909404260214
2025-09-10,239969,1.9284424238131002
2025-09-11,232694,1.8875677928953305
2025-09-12,213792,1.826193683580292
2025-09-13,138329,1.890782120885664
2025-09-14,119291,1.9028350839543173
2025-09-15,198921,1.6998124883747305
2025-09-16,218653,1.6968598647170796
2025-09-17,217797,1.6289613722869904
2025-09-18,217608,1.657416547185701
2025-09-19,208240,1.6574433346138442
2025-09-20,135451,1.8052587282485384
2025-09-21,126170,1.7083538083537586
2025-09-22,203503,1.6050456258629533
2025-09-23,227942,1.510763703047211
2025-09-24,226434,1.5178321276839333
2025-09-25,225689,1.5234127494028753
2025-09-26,212725,1.5635618756609966
2025-09-27,142352,1.7018194335168604
2025-09-28,120680,1.7853588001325302
2025-09-29,195636,1.6266755607351786
2025-09-30,215312,1.548629430779461
2025-10-01,208363,1.5658442237824808
2025-10-02,211156,1.6263080376592827
2025-10-03,200799,1.7037933455843277
2025-10-04,131852,1.6711176167217379
2025-10-05,119220,1.7742752893809348
2025-10-06,188907,1.657619357673309
2025-10-07,215158,1.6866967530837262
2025-10-08,210048,1.6175202810785567
2025-10-09,224265,1.4527451898423331
2025-10-10,210779,1.5063654348867253
2025-10-11,136345,1.59229894752279
2025-10-12,126746,1.6403681378504673
2025-10-13,208206,1.3739532001959052
2025-10-14,216926,1.4883679227016948
2025-10-15,217406,1.5643501099325037
2025-10-16,223761,1.565289304212913
2025-10-17,219395,1.5373290184370183
2025-10-18,139525,1.6017559577136347
2025-10-19,122659,1.7722254380028855
2025-10-20,191922,1.5196126551410918
2025-10-21,220781,1.5365266938730495
2025-10-22,224496,1.560683486565413
2025-10-23,218739,1.560052848371734
2025-10-24,209853,1.563071769286061
2025-10-25,138552,1.5719246203591044
2025-10-26,127391,1.4920944179729891
2025-10-27,200115,1.4481518127076383
2025-10-28,215875,1.5350489866820545
2025-10-29,221263,1.5667861323401802
2025-10-30,220238,1.5096150528064571
2025-10-31,204723,1.5364101737469045
2025-11-01,136321,1.5925433352161031
2025-11-02,116141,1.6805417552801694
2025-11-03,189268,1.5693249783375298
2025-11-04,201607,1.5117659605072578
2025-11-05,206637,1.4576450490473032
2025-11-06,209521,1.5216952000037518
2025-11-07,203684,1.5063289212701478
2025-11-08,133650,1.6728567153011218
2025-11-09,115058,1.5991786751029662
2025-11-10,185292,1.5303661248191462
2025-11-11,204728,1.5712687077487546
2025-11-12,207244,1.525473837601993
2025-11-13,203846,1.5209206950344327
2025-11-14,191002,1.5563062166887631
2025-11-15,125348,1.5782964227590082
2025-11-16,115801,1.6163703249539711
2025-11-17,187792,1.592311706568897
2025-11-18,208784,1.568259061997033
2025-11-19,218611,1.56510285392769
2025-11-20,216208,1.522341911492572
2025-11-21,206505,1.5216585554828672
2025-11-22,141023,1.5770867163511963
2025-11-23,129772,1.5444148198378387
2025-11-24,194532,1.511513272880505
2025-11-25,208291,1.5490640498148602
2025-11-26,203001,1.499574878941425
2025-11-27,177115,1.5898721169860854
2025-11-28,166268,1.6252880891090942
2025-11-29,115865,1.6872360074223942
2025-11-30,109182,1.6952565441189582
2025-12-01,178950,1.5400631461301473
2025-12-02,203888,1.5786529859530105
2025-12-03,209320,1.5153415822663252
2025-12-04,208464,1.5106713869060664
2025-12-05,184843,1.5227219856850898
2025-12-06,123104,1.6238026384195183
2025-12-07,108799,1.6176453827700186
2025-12-08,179474,1.5555144477751024
2025-12-09,199433,1.5725311257414136
2025-12-10,199249,1.5420870368232247
2025-12-11,204098,1.5381076737644956
2025-12-12,187859,1.5527848013669228
2025-12-13,125972,1.7119375734289703
2025-12-14,116720,1.9579129540780857
2025-12-15,183778,1.7584134118337842
2025-12-16,190817,1.6837855117730125
2025-12-17,195941,1.6941482385002997
2025-12-18,197527,1.6122347830928825
2025-12-19,183909,1.6929155180006974
2025-12-20,121957,1.7496847249439973
2025-12-21,102059,1.6682311212141474
2025-12-22,157594,1.6695756183610477
2025-12-23,169595,1.7493239777115506
2025-12-24,147379,1.731132657977008
2025-12-25,102482,1.7769852266739394
2025-12-26,120073,1.8711150716646756
2025-12-27,108050,1.8004164738546644
2025-12-28,104623,1.6400399529739909
2025-12-29,153051,1.6857426609430317
2025-12-30,154057,1.777707601731755
2025-12-31,137138,1.737275591010458
2026-01-01,100980,1.767794612794566
2026-01-02,120019,1.789528324681887
2026-01-03,126404,1.9847686782063056
2026-01-04,125201,1.9470100079072135
2026-01-05,180699,1.8206481496852895
2026-01-06,193689,1.7167892859170488
2026-01-07,203043,1.6793250690739612
2026-01-08,199800,1.7693683683682975
2026-01-09,195254,1.8079819107418327
2026-01-10,131726,1.822822373715077
2026-01-11,114059,1.9257384336176067
2026-01-12,180057,1.7177865898020368
2026-01-13,201390,1.7212046278364495
2026-01-14,211400,1.6600042573319966
2026-01-15,216913,1.6362758340900627
2026-01-16,198480,1.5914993954050034
2026-01-17,136398,1.6417726066364058
2026-01-18,120360,1.6553888334994549
2026-01-19,177424,1.5231569573450334
2026-01-20,207179,1.5196921502661018
2026-01-21,215728,1.5158885262922803
2026-01-22,216035,1.4518304904297235
2026-01-23,202334,1.480580129884178
2026-01-24,131413,1.7120908890291924
2026-01-25,111235,1.7663729941115178
2026-01-26,173431,1.6837157140302985
2026-01-27,199081,1.6072036005444368
2026-01-28,201613,1.5775163307920805
2026-01-29,204001,1.5664055568354334
2026-01-30,193634,1.6229541299564538
2026-01-31,126251,1.708437160893734
2026-02-01,111869,1.6676219506744108
2026-02-02,170856,1.556795781242635
2026-02-03,196266,1.5535625121008623
2026-02-04,204123,1.564944665716205
2026-02-05,201919,1.4927817590221164
2026-02-06,188368,1.6057042597468154
2026-02-07,125378,1.5817288519516588
2026-02-08,107275,1.5863267303658728
2026-02-09,174706,1.5450310807870724
2026-02-10,191629,1.5272223932702627
2026-02-11,206843,1.5413303810135395
2026-02-12,200268,1.544604729662186
2026-02-13,189607,1.5059148660122736
2026-02-14,132680,1.5556368706662276
2026-02-15,112416,1.5659941645316928
2026-02-16,167104,1.5271244255074137
2026-02-17,185637,1.5171296670383099
2026-02-18,198607,1.4612566525852038
2026-02-19,207357,1.5268806936827986
2026-02-20,188878,1.5862323828078944
2026-02-21,121797,1.6981616952798186
2026-02-22,111025,1.8086494032875104
2026-02-23,178120,1.731321580956603
2026-02-24,205152,1.6494496763374622
2026-02-25,201741,1.6214363961712692
2026-02-26,208598,1.6142498969308714
2026-02-27,203833,1.69095779388021
2026-02-28,177204,2.2510270648518236
2026-03-01,160133,2.556388751849971
2026-03-02,221430,2.268205301901257
2026-03-03,232557,2.113462935968452
2026-03-04,230649,1.9804950379146529
2026-03-05,241303,1.930196060554594
2026-03-06,219544,1.8976077688299149
2026-03-07,149307,2.0738518622702755
2026-03-08,130203,2.128671382379757
2026-03-09,186093,1.9286270843072286
2026-03-10,201352,1.8171520521275264
2026-03-11,206879,1.8536888712725452
2026-03-12,212340,1.8854695299989608
2026-03-13,205183,1.9309523693482677
2026-03-14,138979,2.106966520121681
2026-03-15,119143,2.058044534718713
2026-03-16,192713,1.7602714918037927
2026-03-17,211613,1.839759372061165
2026-03-18,212173,1.871374303045072
2026-03-19,205619,1.8100666767175813
2026-03-20,183323,1.7699857628338251
2026-03-21,118984,1.9465592012370954
2026-03-22,100841,2.107192510982581
2026-03-23,163814,1.824439913560426
2026-03-24,190101,1.799894266731828
2026-03-25,196060,1.7372855248392594
2026-03-26,195610,1.7596043147077642
2026-03-27,179802,1.7380435145325885
2026-03-28,126237,1.9358278476199
2026-03-29,117474,2.003911503822063
2026-03-30,180408,1.8830140570262275
2026-03-31,193189,1.794755394975828
2026-04-01,189957,1.7054364935221524
2026-04-02,176313,1.6811443285519896
2026-04-03,148916,1.8551915173654354
2026-04-04,104179,2.020901525259361
2026-04-05,98455,1.9997795947386745
2026-04-06,142771,1.8819473142304122
2026-04-07,178410,1.873017207555556
2026-04-08,205099,1.6650539495559897
2026-04-09,201571,1.6736847066293368
2026-04-10,185510,1.6232073742654656
2026-04-11,125457,1.6167826426584118
2026-04-12,108045,1.694882687768938
2026-04-13,170056,1.5955103024885295
2026-04-14,194406,1.524461693569075
2026-04-15,198294,1.5221585121082197
2026-04-16,200789,1.6049818466150363
2026-04-17,186118,1.5090302926100019
2026-04-18,120557,1.6364997470075926
2026-04-19,108235,1.713348731925875
2026-04-20,172157,1.6315067060879802
2026-04-21,192032,1.6101503916013318
2026-04-22,192478,1.6321964068620196
2026-04-23,193574,1.6111750545010566
2026-04-24,188691,1.5513485009883283
2026-04-25,127113,1.6707527947573848
2026-04-26,109567,1.8611370211833391
2026-04-27,172673,1.6487030398498355
2026-04-28,191505,1.636205321009834
2026-04-29,196504,1.6043546187354385
2026-04-30,191064,1.590262948540737
2026-05-01,162681,1.6595631942266722
2026-05-02,118547,1.6604258226694548
2026-05-03,107596,1.672554741811933
2026-05-04,166573,1.5918065953065053
2026-05-05,185383,1.682317148821549
2026-05-06,197979,1.5598326085089185
2026-05-07,205484,1.5451874598508164
2026-05-08,196432,1.6133990388530657
2026-05-09,127222,1.6003780792629747
2026-05-10,113996,1.6315598792939885
2026-05-11,180774,1.534208459181012
2026-05-12,198266,1.522599437119767
2026-05-13,201259,1.5331423687884176
2026-05-14,201102,1.485444202444471
2026-05-15,187693,1.5241687223284246
2026-05-16,124052,1.696566762325443
2026-05-17,107216,1.7105404044172057
2026-05-18,175495,1.6378221601754397
2026-05-19,195010,1.6450623044971386
2026-05-20,207060,1.5513150777551632
2026-05-21,202374,1.550295492503907
2026-05-22,189825,1.5154494929539783
2026-05-23,123309,1.6040199823207986
2026-05-24,110300,1.7359963735267057
2026-05-25,151153,1.5546353694600321
2026-05-26,183718,1.5566068648689182
2026-05-27,183546,1.587335054972529
2026-05-28,185047,1.618676876685312
2026-05-29,183564,1.6500463053757135
2026-05-30,111501,1.6914727222176857
2026-05-31,99383,1.745426280148503
2026-06-01,169753,1.6757276749158307
2026-06-02,191217,1.6779543659820226
2026-06-03,193656,1.725577828727156
2026-06-04,192815,1.6152275497237607
2026-06-05,178290,1.575450109372315
2026-06-06,118014,1.7213228938939158
2026-06-07,110313,1.8021275824245102
2026-06-08,176570,1.8278535425043172
2026-06-09,180926,1.7034069177453088
2026-06-10,187921,1.8359858664012403
2026-06-11,180500,1.7622454293628012
2026-06-12,165825,1.5808605457560134
2026-06-13,113073,1.6492257214365642
2026-06-14,102742,1.67370111541528
2026-06-15,179285,1.5152862760408867
2026-06-16,188373,1.4968939285353478
2026-06-17,190433,1.505034316531218
2026-06-18,189064,1.4536400372360232
2026-06-19,171775,1.5434440401687708
2026-06-20,114203,1.6394788227979518
2026-06-21,108519,1.5318967185469607
2026-06-22,169094,1.540323725265184
2026-06-23,183822,1.5087573848613773
2026-06-24,181896,1.4897441395082274
2026-06-25,181265,1.4815303561084052
2026-06-26,167037,1.5236684087956032
2026-06-27,111156,1.6298571377163373
2026-06-28,100843,1.7875995359122143
2026-06-29,161446,1.6506782453575297
2026-06-30,172162,1.5807605627257413
2026-07-01,173181,1.5583147111980535
2026-07-02,172932,1.6137192653759225
2026-07-03,159247,1.6084045539318865
2026-07-04,107503,1.6224105373803084
2026-07-05,97119,1.681244658614682
2026-07-06,161689,1.6242910773150343
2026-07-07,184972,1.5712302402525138
2026-07-08,198677,1.6560261127356735
2026-07-09,183455,1.6789539669128029
2026-07-10,169593,1.7074608032170564
2026-07-11,114804,1.7274485209574257
2026-07-12,103117,1.8511069949668373
2026-07-13,170678,1.7425028416081165
2026-07-14,182905,1.7188611574313943
2026-07-15,181363,1.6932698510720892
2026-07-16,179859,1.6531788790107143
2026-07-17,163925,1.7025621473234103
2026-07-18,110554,1.8878267633916055
2026-07-19,96282,1.972963793855511
2026-07-20,154631,1.8248953961365497
2026-07-21,181993,1.7218898529063609
2026-07-22,192579,1.7325295073709222
2026-07-23,186339,1.733886625988056
2026-07-24,181093,1.8336534266922866
2026-07-25,120330,1.9285174104545382
2026-07-26,107550,1.960151557415107
2026-07-27,166586,1.734846865883023
2026-07-28,188239,1.6161677441974727
2026-07-29,184561,1.7599221937461766
2026-07-30,184207,1.8902354416498235
2026-07-31,176035,1.7108790865452486
2026-08-01,117011,1.8307928314431525
2026-08-02,103116,1.901918228015001
2026-08-03,152632,1.7451320823941983
2026-08-04,167787,1.6983210856621165
2026-08-05,173592,1.6622073597861051
2026-08-06,173076,1.6568547921143848
2026-08-07,167050,1.6334582460340605
2026-08-08,112488,1.6697629969418517
2026-08-09,98530,1.7659098751649067
2026-08-10,152555,1.6937642161842634
2026-08-11,172753,1.6829345944787664
2026-08-12,172436,1.680821870143051
2026-08-13,171554,1.6530923207852386
2026-08-14,164990,1.6785302139523033
2026-08-15,109799,1.7595023634094755
2026-08-16,100317,1.8429917162594174
2026-08-17,161341,1.668746319906234
2026-08-18,175838,1.7045849020120005
2026-08-19,178613,1.6459591407119862
2026-08-20,181461,1.6707887645278576
2026-08-21,166532,1.6477974203155497
2026-08-22,108906,1.7268910803811977
2026-08-23,100247,1.7373677017765705
2026-08-24,162330,1.6291966980840897
2026-08-25,174474,1.598240425507463
2026-08-26,178886,1.5269540377670017
2026-08-27,183041,1.5516250457547107
2026-08-28,168544,1.5400138836148853
2026-08-29,111774,1.64681858034961
2026-08-30,102252,1.6421722802487684
2026-08-31,165531,1.6152472950685437
2026-09-01,192193,1.5940590968452912
2026-09-02,197414,1.6436980153382497
2026-09-03,191460,1.6504538807060818
2026-09-04,176122,1.598258593474914
2026-09-05,114540,1.7125519469180683
2026-09-06,105230,1.6296065760714227
2026-09-07,151051,1.5372013425928464
2026-09-08,192528,1.6112871893957388
2026-09-09,195702,1.6564639094132179
2026-09-10,189534,1.5716156467968143
2026-09-11,184849,1.568508891040733
2026-09-12,127359,1.606696032475086
2026-09-13,106928,1.6150942690408354
2026-09-14,169819,1.5565189996407336
2026-09-15,187143,1.602586257567676
2026-09-16,189699,1.5780531262683883
2026-09-17,188083,1.550855739221453
2026-09-18,177256,1.5904392517036863
2026-09-19,117710,1.6010772236852986
2026-09-20,105560,1.7072934823796373
